id,user_id,branch_id,order_date,net_amount_total
1,142,3,10/31/2024,59.5
2,56,1,11/6/2024,129.5
3,20,3,1/27/2025,107
4,178,2,2/2/2025,50.5
5,243,3,10/3/2024,69.5
6,163,1,11/12/2024,36
7,57,1,1/3/2025,49.5
8,10,3,6/20/2025,58
9,182,3,5/21/2025,19.5
10,246,3,4/14/2025,61
11,167,3,11/19/2024,64.5
12,10,2,1/22/2025,62
13,159,2,10/10/2024,84
14,205,1,10/10/2024,84
15,5,3,3/31/2025,43
16,61,1,2/20/2025,110.5
17,194,3,6/29/2025,125.5
18,74,3,11/3/2024,116
19,129,3,3/8/2025,54
20,147,3,2/18/2025,113.5
21,189,1,3/23/2025,20
22,247,2,6/16/2025,71
23,73,3,3/13/2025,114.5
24,146,1,4/19/2025,42
25,185,2,3/11/2025,50.5
26,1,3,1/4/2025,11.5
27,186,1,2/4/2025,71
28,178,2,1/20/2025,101
29,160,1,3/30/2025,82
30,88,2,5/21/2025,86
31,102,2,6/10/2025,45
32,120,2,10/10/2024,67.5
33,60,2,12/22/2024,50.5
34,185,2,5/1/2025,63
35,91,1,2/13/2025,175.5
36,230,1,4/25/2025,109.5
37,242,1,11/6/2024,98.5
38,74,1,10/25/2024,106
39,240,3,5/12/2025,73.5
40,50,1,3/3/2025,20.5
41,159,1,2/7/2025,141.5
42,205,3,6/8/2025,20
43,79,3,6/1/2025,91
44,37,3,10/11/2024,21
45,221,3,3/3/2025,9
46,23,1,1/23/2025,52
47,243,2,4/19/2025,90
48,180,1,12/5/2024,72.5
49,90,1,10/28/2024,39
50,80,2,10/29/2024,50
51,147,1,11/16/2024,103
52,161,2,11/9/2024,72.5
53,109,3,1/31/2025,148
54,111,3,10/21/2024,89
55,25,2,11/21/2024,43
56,20,1,11/11/2024,44
57,24,3,6/19/2025,66
58,146,3,11/8/2024,91.5
59,194,3,1/29/2025,36
60,166,2,12/13/2024,83.5
61,227,3,5/19/2025,21
62,245,3,10/25/2024,46
63,153,3,2/17/2025,38
64,246,2,5/20/2025,49.5
65,138,2,4/12/2025,66
66,33,2,11/29/2024,68
67,163,3,11/19/2024,83
68,248,1,1/20/2025,60
69,101,2,5/10/2025,60
70,36,3,1/10/2025,60.5
71,57,2,6/28/2025,15
72,248,3,1/9/2025,17
73,16,1,12/18/2024,67
74,85,2,4/21/2025,55
75,227,3,3/4/2025,19.5
76,131,1,4/2/2025,54
77,55,2,3/26/2025,71
78,212,1,10/10/2024,46.5
79,92,2,10/30/2024,54
80,10,1,4/17/2025,89
81,100,3,4/29/2025,62
82,28,2,6/7/2025,23
83,135,1,4/28/2025,71
84,6,1,3/18/2025,80.5
85,210,1,10/31/2024,49
86,208,1,10/13/2024,83
87,140,3,5/8/2025,25.5
88,83,1,1/28/2025,14
89,223,3,4/13/2025,54.5
90,121,1,1/31/2025,79.5
91,70,2,5/9/2025,95
92,132,3,3/23/2025,9
93,62,1,10/8/2024,121.5
94,165,2,6/22/2025,96
95,84,2,10/17/2024,68.5
96,141,3,12/27/2024,98
97,245,2,6/4/2025,64
98,129,2,11/21/2024,131.5
99,226,3,6/12/2025,125
100,216,3,10/22/2024,17
101,108,3,6/10/2025,20.5
102,164,3,11/18/2024,118
103,1,3,4/15/2025,119.5
104,67,2,3/9/2025,81.5
105,147,3,3/21/2025,112
106,1,2,10/29/2024,11.5
107,250,3,4/14/2025,88
108,2,2,2/10/2025,75
109,131,3,5/17/2025,11.5
110,81,1,11/12/2024,27
111,89,2,6/25/2025,73.5
112,127,2,6/8/2025,54.5
113,157,2,5/22/2025,92.5
114,183,2,4/17/2025,25.5
115,166,1,12/14/2024,59
116,152,3,10/28/2024,82.5
117,77,1,6/11/2025,113.5
118,73,3,11/9/2024,26.5
119,204,3,3/7/2025,47
120,235,1,12/4/2024,103
121,207,3,3/29/2025,85.5
122,6,1,1/22/2025,49.5
123,21,2,12/17/2024,12
124,238,1,4/10/2025,105.5
125,33,3,11/2/2024,81
126,245,3,11/6/2024,21
127,113,3,12/16/2024,114
128,46,1,10/6/2024,67
129,192,2,12/5/2024,41.5
130,74,1,10/6/2024,25
131,141,3,2/13/2025,88.5
132,230,3,11/14/2024,112.5
133,155,1,10/7/2024,45.5
134,109,2,1/10/2025,29.5
135,52,2,3/22/2025,62.5
136,39,1,2/13/2025,73
137,83,1,6/11/2025,111
138,80,1,6/13/2025,55.5
139,209,3,12/24/2024,35
140,78,2,3/29/2025,68
141,43,3,10/21/2024,92.5
142,201,3,12/8/2024,63.5
143,118,1,6/27/2025,43
144,145,3,12/25/2024,43
145,128,3,6/20/2025,108
146,146,1,4/12/2025,23
147,31,3,1/24/2025,21
148,80,1,12/26/2024,101
149,34,3,1/24/2025,73.5
150,169,2,10/16/2024,88.5
151,54,1,2/17/2025,107.5
152,65,1,10/13/2024,19.5
153,204,2,3/29/2025,88
154,72,2,1/14/2025,12
155,40,3,5/5/2025,95.5
156,79,3,5/5/2025,36.5
157,158,1,6/15/2025,81
158,158,3,6/13/2025,23
159,151,1,1/14/2025,72.5
160,152,2,4/17/2025,72.5
161,10,1,4/27/2025,113
162,240,1,4/29/2025,6.5
163,81,2,12/12/2024,71.5
164,104,2,6/1/2025,70.5
165,98,3,10/19/2024,14
166,174,3,4/19/2025,93
167,124,1,3/30/2025,89.5
168,122,1,5/9/2025,84.5
169,78,2,6/11/2025,59
170,220,2,5/27/2025,8.5
171,240,3,11/9/2024,74.5
172,51,3,4/24/2025,47
173,241,2,4/29/2025,44.5
174,250,3,2/6/2025,13
175,82,1,1/16/2025,6.5
176,31,3,1/3/2025,45
177,150,3,2/27/2025,11.5
178,195,1,10/22/2024,97
179,106,1,6/10/2025,82
180,219,3,4/7/2025,153
181,18,3,11/17/2024,103
182,151,3,4/11/2025,77.5
183,111,2,1/18/2025,109
184,243,1,4/5/2025,125.5
185,19,2,2/9/2025,78
186,67,2,3/3/2025,50
187,203,1,4/4/2025,49
188,168,1,1/20/2025,66
189,32,2,4/19/2025,158.5
190,119,1,2/22/2025,101.5
191,249,3,6/3/2025,92
192,195,1,12/5/2024,136
193,61,3,5/23/2025,52.5
194,243,3,6/26/2025,39
195,157,2,4/3/2025,117
196,199,2,4/23/2025,55.5
197,224,3,5/31/2025,9
198,42,2,2/4/2025,17
199,107,1,12/3/2024,21
200,83,2,2/17/2025,9
201,229,1,2/25/2025,36.5
202,23,1,12/22/2024,77.5
203,73,3,12/21/2024,42
204,102,3,2/9/2025,40.5
205,152,1,10/14/2024,130.5
206,110,1,11/15/2024,55.5
207,15,3,3/16/2025,52.5
208,122,1,4/2/2025,139.5
209,103,2,4/2/2025,39
210,154,1,4/7/2025,120.5
211,227,2,5/20/2025,91.5
212,124,3,6/11/2025,15
213,46,2,11/16/2024,117
214,67,3,3/24/2025,81.5
215,194,2,1/17/2025,112
216,119,1,12/27/2024,142.5
217,70,1,1/3/2025,51
218,40,1,2/5/2025,42
219,178,2,6/14/2025,47.5
220,120,2,1/15/2025,44.5
221,104,1,11/3/2024,45
222,250,2,10/12/2024,25.5
223,60,1,1/12/2025,15
224,60,1,12/5/2024,63.5
225,205,3,12/27/2024,11.5
226,84,1,3/23/2025,19.5
227,68,3,1/9/2025,66
228,121,1,5/22/2025,110
229,56,1,5/28/2025,57
230,160,1,6/28/2025,112.5
231,56,3,1/17/2025,110.5
232,31,2,5/26/2025,78.5
233,31,1,4/1/2025,72
234,128,2,12/23/2024,52.5
235,185,3,4/9/2025,66.5
236,97,3,2/10/2025,129.5
237,95,1,3/21/2025,60
238,66,3,6/21/2025,63
239,106,3,12/29/2024,32.5
240,224,3,12/12/2024,35
241,33,2,1/28/2025,38.5
242,44,3,3/2/2025,101.5
243,89,3,4/23/2025,119.5
244,192,2,10/25/2024,109.5
245,117,3,10/9/2024,124.5
246,22,1,11/4/2024,27
247,212,1,6/5/2025,72
248,7,1,5/11/2025,158
249,208,3,10/6/2024,125
250,5,1,4/1/2025,92.5
251,201,2,5/8/2025,29.5
252,153,3,12/10/2024,14
253,75,1,6/15/2025,61
254,210,1,1/17/2025,100.5
255,28,3,5/9/2025,13.5
256,202,1,6/15/2025,125
257,191,2,5/3/2025,102.5
258,170,3,3/11/2025,60.5
259,39,2,6/28/2025,45.5
260,83,3,1/30/2025,44.5
261,78,3,12/18/2024,64.5
262,157,2,6/26/2025,89
263,200,1,1/16/2025,80.5
264,87,3,11/23/2024,76.5
265,168,3,11/16/2024,78
266,142,1,10/30/2024,120
267,114,3,2/3/2025,117
268,178,1,1/27/2025,121.5
269,78,2,6/28/2025,41.5
270,92,2,2/7/2025,76.5
271,62,3,10/6/2024,21
272,195,2,11/22/2024,139
273,226,1,2/2/2025,30
274,73,3,5/4/2025,13.5
275,85,2,6/12/2025,36.5
276,206,3,10/8/2024,98
277,218,1,3/1/2025,100
278,243,2,11/26/2024,110
279,32,2,4/20/2025,26
280,190,3,6/5/2025,59.5
281,16,3,4/15/2025,50
282,146,2,3/23/2025,43
283,6,3,10/25/2024,94.5
284,126,1,2/5/2025,117
285,45,1,12/4/2024,14
286,118,2,1/2/2025,67.5
287,119,1,1/11/2025,95
288,109,1,5/9/2025,115
289,86,2,1/6/2025,101.5
290,7,2,2/20/2025,66
291,176,1,2/25/2025,35
292,146,3,6/16/2025,104.5
293,114,2,10/20/2024,60
294,227,3,12/1/2024,39.5
295,180,1,10/15/2024,51
296,172,2,6/17/2025,28
297,8,1,12/27/2024,107
298,118,1,6/18/2025,39
299,127,3,10/6/2024,40.5
300,157,1,11/8/2024,89.5
301,131,1,4/24/2025,98
302,112,2,6/13/2025,42
303,81,3,3/24/2025,94
304,99,3,2/10/2025,8.5
305,157,1,1/31/2025,39.5
306,178,2,5/1/2025,42.5
307,153,3,11/28/2024,43
308,153,1,6/28/2025,73
309,155,1,5/8/2025,40.5
310,202,3,5/5/2025,105.5
311,31,1,12/31/2024,66
312,246,1,3/15/2025,40.5
313,50,1,6/16/2025,67
314,69,3,5/17/2025,27
315,12,2,5/4/2025,94
316,104,2,10/18/2024,57
317,187,3,11/7/2024,78.5
318,68,2,1/27/2025,73.5
319,80,3,11/15/2024,55.5
320,225,1,10/22/2024,121
321,94,1,4/21/2025,88.5
322,225,1,12/19/2024,110.5
323,146,3,12/7/2024,15
324,183,3,5/1/2025,13
325,240,1,10/27/2024,55
326,31,1,4/30/2025,21
327,83,3,3/27/2025,88
328,181,3,2/9/2025,70.5
329,210,3,12/23/2024,115
330,36,2,4/30/2025,36
331,116,2,1/19/2025,36
332,137,3,3/11/2025,48
333,76,2,4/4/2025,117.5
334,149,3,3/15/2025,92.5
335,94,2,2/8/2025,90.5
336,236,3,6/6/2025,88.5
337,246,2,11/30/2024,80
338,116,2,2/20/2025,115.5
339,145,2,1/20/2025,83
340,238,2,2/12/2025,62.5
341,12,2,12/10/2024,15
342,43,1,2/5/2025,7
343,43,2,5/9/2025,97
344,155,2,2/17/2025,110
345,87,3,5/19/2025,117
346,223,2,11/8/2024,53
347,83,1,10/3/2024,51.5
348,16,3,11/8/2024,32.5
349,32,3,10/5/2024,82.5
350,92,3,5/31/2025,77
351,52,2,10/15/2024,37.5
352,91,3,12/7/2024,20.5
353,96,2,1/12/2025,88
354,179,3,4/13/2025,95.5
355,221,1,4/26/2025,35
356,19,1,6/11/2025,67
357,14,3,5/21/2025,76
358,155,1,10/23/2024,53.5
359,212,3,1/14/2025,96.5
360,183,2,11/3/2024,32.5
361,185,1,5/13/2025,88
362,67,1,1/26/2025,71.5
363,1,2,11/17/2024,124.5
364,56,2,4/13/2025,126
365,232,3,11/6/2024,61
366,29,3,5/19/2025,25.5
367,115,2,6/15/2025,54.5
368,105,3,11/15/2024,60.5
369,235,2,2/22/2025,42
370,150,1,5/10/2025,25.5
371,119,3,2/1/2025,111
372,149,3,1/11/2025,72.5
373,201,2,4/16/2025,18
374,57,2,2/24/2025,101
375,147,1,10/19/2024,119.5
376,35,1,11/20/2024,100.5
377,26,1,11/4/2024,113.5
378,63,3,3/7/2025,74.5
379,127,1,10/10/2024,84
380,165,2,11/21/2024,72.5
381,145,1,3/20/2025,18
382,64,1,10/24/2024,40.5
383,133,2,6/22/2025,17
384,22,3,6/10/2025,12
385,47,2,6/6/2025,69
386,2,1,2/28/2025,8.5
387,134,3,12/6/2024,90.5
388,197,3,5/13/2025,80.5
389,237,3,10/27/2024,81.5
390,131,1,3/7/2025,117.5
391,231,1,11/3/2024,66
392,224,1,6/26/2025,30
393,58,2,12/20/2024,93.5
394,91,2,11/18/2024,13.5
395,66,3,2/25/2025,135
396,153,1,11/19/2024,99
397,193,2,12/29/2024,129
398,174,2,12/5/2024,88
399,166,3,6/27/2025,24
400,243,2,4/8/2025,83
401,239,3,5/18/2025,27
402,215,3,3/28/2025,92
403,234,1,5/29/2025,35
404,10,1,11/22/2024,42
405,150,1,11/8/2024,64
406,122,1,5/26/2025,54.5
407,60,2,5/8/2025,51.5
408,180,2,6/1/2025,53
409,1,1,12/28/2024,106.5
410,195,3,10/11/2024,133
411,73,2,6/12/2025,85.5
412,45,3,12/23/2024,76.5
413,115,2,3/23/2025,60
414,8,3,4/3/2025,17
415,27,2,10/14/2024,48
416,210,1,5/1/2025,7
417,243,1,12/15/2024,89
418,235,3,12/29/2024,70.5
419,139,1,2/14/2025,52
420,89,1,5/25/2025,84
421,91,2,2/2/2025,96
422,132,3,4/4/2025,50.5
423,91,1,4/14/2025,78
424,139,2,10/7/2024,24.5
425,115,3,1/6/2025,32
426,95,2,1/14/2025,89.5
427,11,1,4/29/2025,13
428,189,3,2/12/2025,60.5
429,137,3,3/2/2025,100
430,144,1,10/7/2024,66
431,83,2,6/8/2025,33.5
432,34,2,12/24/2024,93
433,37,1,1/29/2025,101
434,249,3,6/10/2025,118.5
435,238,2,4/21/2025,74
436,106,3,11/7/2024,112
437,192,2,3/7/2025,111.5
438,56,3,10/13/2024,60.5
439,45,3,2/3/2025,121.5
440,97,3,5/18/2025,82.5
441,156,1,11/4/2024,50.5
442,89,2,5/20/2025,23
443,75,1,12/22/2024,14
444,236,2,4/16/2025,52.5
445,62,2,1/10/2025,39
446,31,2,10/14/2024,27
447,53,3,6/12/2025,95.5
448,217,3,10/3/2024,60
449,11,2,5/10/2025,29.5
450,156,2,3/27/2025,6.5
451,146,2,1/30/2025,51
452,152,1,5/26/2025,34.5
453,52,1,2/16/2025,122.5
454,90,3,4/29/2025,30
455,49,2,12/16/2024,114
456,227,2,3/19/2025,77
457,157,1,12/1/2024,54.5
458,214,3,1/19/2025,122.5
459,250,2,2/1/2025,99
460,112,3,2/7/2025,78
461,64,1,6/4/2025,34.5
462,202,3,12/31/2024,30
463,8,2,11/9/2024,46.5
464,29,2,12/13/2024,140.5
465,239,3,12/2/2024,130.5
466,89,1,6/22/2025,56
467,103,1,10/3/2024,59
468,30,3,12/25/2024,67
469,201,1,12/27/2024,113.5
470,65,3,3/9/2025,28
471,128,1,5/14/2025,36
472,212,2,11/22/2024,21
473,203,2,2/21/2025,57
474,9,2,3/6/2025,57
475,228,1,1/25/2025,123.5
476,242,1,12/28/2024,125.5
477,247,2,1/11/2025,75.5
478,102,2,3/20/2025,40
479,236,1,2/10/2025,81.5
480,237,3,1/26/2025,82
481,242,3,2/21/2025,7
482,191,1,5/5/2025,77.5
483,232,2,6/21/2025,80.5
484,33,2,10/23/2024,91
485,6,3,6/20/2025,40
486,43,1,1/28/2025,66
487,95,1,11/1/2024,80.5
488,216,2,11/8/2024,109.5
489,199,3,11/4/2024,99
490,45,2,3/10/2025,24
491,242,1,3/29/2025,77.5
492,87,1,6/1/2025,93.5
493,249,3,1/18/2025,74
494,142,2,1/19/2025,50
495,186,2,3/31/2025,81.5
496,30,1,4/1/2025,13.5
497,70,2,2/21/2025,66.5
498,210,2,5/21/2025,61.5
499,46,3,1/16/2025,125.5
500,29,1,11/12/2024,45
501,212,1,3/19/2025,41
502,2,1,12/20/2024,77
503,138,2,6/24/2025,53.5
504,239,2,12/3/2024,13
505,249,2,6/17/2025,40
506,227,3,10/8/2024,31
507,218,1,11/21/2024,26.5
508,28,1,1/20/2025,9
509,61,2,1/13/2025,80.5
510,128,3,3/10/2025,32
511,83,3,12/18/2024,62.5
512,133,3,6/14/2025,85.5
513,168,1,3/2/2025,42
514,51,2,3/18/2025,30
515,113,2,6/13/2025,38.5
516,177,3,3/25/2025,94.5
517,46,3,12/17/2024,131.5
518,21,1,6/21/2025,60
519,30,3,5/19/2025,72
520,188,2,12/29/2024,6.5
521,20,2,10/6/2024,76.5
522,227,3,2/10/2025,91.5
523,92,2,6/10/2025,25.5
524,159,2,11/9/2024,58
525,216,2,11/18/2024,64
526,42,1,5/28/2025,92.5
527,78,1,2/9/2025,76
528,83,2,10/29/2024,112.5
529,193,1,6/8/2025,119.5
530,146,2,1/31/2025,94.5
531,114,3,2/8/2025,54
532,139,1,4/19/2025,40.5
533,8,1,12/14/2024,116
534,71,1,4/11/2025,6.5
535,154,1,5/4/2025,91
536,134,3,12/16/2024,22
537,226,2,1/23/2025,74
538,8,2,11/23/2024,61.5
539,157,3,11/26/2024,103.5
540,70,1,3/12/2025,28
541,239,2,6/15/2025,27
542,173,1,3/19/2025,100.5
543,192,1,3/20/2025,88
544,106,1,1/25/2025,40.5
545,131,2,2/20/2025,17
546,2,3,11/28/2024,48.5
547,36,1,5/21/2025,47.5
548,239,1,10/30/2024,80.5
549,84,1,2/15/2025,24
550,53,1,1/28/2025,46
551,159,3,6/12/2025,55.5
552,24,1,2/25/2025,60
553,250,2,6/22/2025,120
554,130,2,11/11/2024,39
555,64,1,4/1/2025,25.5
556,73,1,6/16/2025,35
557,220,1,5/30/2025,108.5
558,164,1,12/16/2024,66.5
559,239,2,4/3/2025,93
560,124,2,3/2/2025,74
561,97,2,10/15/2024,99.5
562,99,2,3/8/2025,52.5
563,211,3,6/11/2025,47.5
564,25,3,5/3/2025,68.5
565,162,3,6/12/2025,76.5
566,62,2,3/5/2025,42
567,33,3,3/21/2025,105.5
568,16,1,11/26/2024,11.5
569,133,2,4/2/2025,18
570,235,3,12/25/2024,106.5
571,69,1,3/20/2025,75
572,94,2,10/12/2024,49.5
573,93,3,11/17/2024,26
574,172,2,10/14/2024,130.5
575,12,1,4/29/2025,25.5
576,19,1,6/9/2025,103.5
577,196,1,4/20/2025,128.5
578,183,3,12/25/2024,71.5
579,210,2,6/16/2025,76.5
580,143,3,11/4/2024,103
581,215,1,6/15/2025,9
582,135,3,11/6/2024,36
583,156,2,10/24/2024,101
584,155,2,5/7/2025,47.5
585,237,2,6/10/2025,125
586,143,1,10/6/2024,71
587,209,3,6/20/2025,21.5
588,250,1,10/5/2024,84.5
589,238,1,6/17/2025,119
590,86,2,4/24/2025,73
591,93,2,4/7/2025,128.5
592,110,1,12/14/2024,124.5
593,142,2,11/8/2024,45
594,80,3,1/25/2025,62.5
595,164,2,11/8/2024,76
596,69,2,12/2/2024,13.5
597,74,2,1/9/2025,104.5
598,166,1,10/7/2024,60.5
599,95,1,12/17/2024,77
600,28,1,4/6/2025,59.5
601,140,2,12/28/2024,108
602,56,2,10/16/2024,120.5
603,239,3,6/19/2025,93.5
604,37,1,10/10/2024,79.5
605,149,2,3/23/2025,76
606,188,1,5/22/2025,30
607,11,2,5/23/2025,95
608,109,2,5/23/2025,21
609,50,3,4/26/2025,76.5
610,127,2,1/25/2025,68.5
611,209,3,1/8/2025,98.5
612,52,2,11/7/2024,43.5
613,148,3,12/7/2024,27
614,106,1,12/13/2024,124
615,134,1,10/14/2024,38
616,192,3,3/30/2025,63
617,207,2,5/13/2025,93
618,16,1,2/20/2025,11.5
619,196,3,11/21/2024,74.5
620,186,3,4/30/2025,13
621,74,2,12/5/2024,88.5
622,218,2,3/17/2025,8.5
623,16,3,4/23/2025,78
624,24,3,2/12/2025,36
625,194,3,5/17/2025,123
626,129,1,3/27/2025,67.5
627,172,2,5/7/2025,68.5
628,45,3,12/23/2024,102.5
629,23,2,10/15/2024,108
630,116,2,4/16/2025,84
631,155,2,5/22/2025,26
632,112,2,6/12/2025,64
633,71,3,5/18/2025,141.5
634,76,2,12/16/2024,102
635,105,2,12/17/2024,106
636,145,3,4/16/2025,42
637,225,2,1/16/2025,35.5
638,24,2,4/27/2025,93.5
639,43,3,1/25/2025,37.5
640,1,1,1/11/2025,70
641,143,2,6/25/2025,80
642,108,3,10/15/2024,95
643,157,1,10/25/2024,20.5
644,188,1,1/24/2025,137
645,87,1,1/12/2025,128
646,249,3,4/10/2025,100
647,74,1,11/21/2024,50.5
648,205,2,3/6/2025,66.5
649,180,2,2/24/2025,145.5
650,205,1,12/25/2024,65
651,5,3,12/23/2024,38
652,244,2,2/4/2025,67.5
653,142,2,5/18/2025,27
654,37,1,2/2/2025,66
655,90,1,12/3/2024,94.5
656,27,2,3/19/2025,8.5
657,161,2,12/8/2024,136.5
658,82,1,5/9/2025,81
659,53,3,11/23/2024,67.5
660,75,2,4/15/2025,60
661,7,3,4/9/2025,56
662,37,3,12/19/2024,18
663,242,2,3/22/2025,6.5
664,139,2,2/16/2025,118
665,109,3,3/4/2025,50.5
666,85,3,10/14/2024,99
667,61,3,2/17/2025,125.5
668,29,2,6/3/2025,27.5
669,196,1,6/12/2025,117
670,228,1,3/19/2025,25.5
671,228,3,6/24/2025,30
672,10,3,12/21/2024,50
673,243,2,1/30/2025,8.5
674,225,1,3/1/2025,14
675,73,3,10/3/2024,8.5
676,203,1,5/12/2025,134.5
677,201,2,5/8/2025,84
678,37,1,10/27/2024,114.5
679,28,1,10/13/2024,133.5
680,189,1,6/8/2025,43
681,148,3,4/5/2025,123.5
682,93,2,2/22/2025,87.5
683,90,3,12/17/2024,44
684,9,1,4/26/2025,79.5
685,106,2,11/3/2024,39
686,167,3,1/26/2025,73
687,238,1,6/29/2025,167.5
688,224,1,5/20/2025,18
689,100,2,6/11/2025,87.5
690,53,3,10/18/2024,21.5
691,50,1,2/4/2025,88
692,77,1,3/10/2025,85
693,78,1,4/6/2025,76
694,82,2,10/28/2024,30
695,131,2,2/18/2025,15
696,121,1,12/6/2024,75.5
697,117,3,2/10/2025,69
698,193,3,1/12/2025,91.5
699,7,3,3/4/2025,34.5
700,210,1,12/12/2024,93.5
701,107,3,6/15/2025,63.5
702,244,1,4/14/2025,82
703,26,3,2/24/2025,160.5
704,232,1,5/14/2025,129.5
705,228,2,4/17/2025,114
706,27,1,2/17/2025,33.5
707,147,1,5/19/2025,61.5
708,87,1,2/9/2025,51.5
709,8,2,11/25/2024,41.5
710,248,2,11/30/2024,27.5
711,141,3,11/22/2024,13.5
712,217,1,10/27/2024,61
713,190,1,5/2/2025,97.5
714,61,2,12/9/2024,27
715,205,3,6/20/2025,21
716,163,1,2/2/2025,125.5
717,50,2,4/4/2025,46
718,35,3,3/6/2025,80.5
719,146,1,1/26/2025,81.5
720,88,2,1/12/2025,30
721,35,2,4/8/2025,58.5
722,20,3,3/13/2025,15
723,89,1,2/16/2025,110.5
724,2,2,10/8/2024,7
725,108,1,2/18/2025,69.5
726,145,2,2/12/2025,101
727,23,1,1/14/2025,127.5
728,136,1,6/18/2025,18
729,178,2,3/10/2025,80
730,86,3,2/26/2025,63
731,49,1,12/4/2024,27
732,220,1,12/30/2024,91
733,40,2,4/29/2025,52
734,83,2,5/15/2025,36
735,118,3,11/7/2024,51
736,163,2,1/7/2025,27
737,217,1,10/13/2024,21
738,234,2,11/8/2024,12
739,87,2,6/29/2025,133.5
740,46,1,1/10/2025,43.5
741,33,1,11/2/2024,105
742,232,1,5/17/2025,162.5
743,125,2,5/31/2025,60.5
744,174,3,11/29/2024,87.5
745,217,3,2/23/2025,118
746,235,1,2/13/2025,9
747,77,3,12/4/2024,82.5
748,145,3,3/22/2025,23
749,173,1,11/27/2024,79.5
750,100,3,2/24/2025,120
751,100,1,3/4/2025,144
752,29,1,12/4/2024,83
753,53,2,10/24/2024,81
754,26,1,4/12/2025,103
755,150,2,5/10/2025,85.5
756,230,3,6/21/2025,32.5
757,105,2,6/11/2025,88.5
758,230,2,4/28/2025,81.5
759,128,3,1/23/2025,108
760,34,3,12/31/2024,89
761,6,3,1/3/2025,93
762,157,3,6/3/2025,45
763,205,3,10/31/2024,117
764,110,3,12/1/2024,97
765,40,3,3/31/2025,88
766,59,3,6/21/2025,47.5
767,21,3,5/6/2025,94.5
768,111,2,11/7/2024,93
769,51,2,12/5/2024,26
770,238,3,4/25/2025,81
771,32,3,12/16/2024,13
772,40,1,5/17/2025,12
773,180,2,10/20/2024,90
774,91,2,5/9/2025,47
775,186,2,4/23/2025,111
776,185,1,1/21/2025,34.5
777,204,2,10/29/2024,124.5
778,115,1,5/18/2025,113.5
779,117,1,1/25/2025,93
780,236,2,11/28/2024,119.5
781,2,1,11/19/2024,6.5
782,143,3,2/15/2025,84.5
783,29,3,1/8/2025,28
784,220,3,3/6/2025,24
785,79,1,2/14/2025,39.5
786,164,3,6/23/2025,62
787,154,3,5/16/2025,75
788,234,3,11/15/2024,104
789,175,3,3/20/2025,52
790,177,2,6/11/2025,140
791,188,2,6/28/2025,37.5
792,64,2,6/27/2025,87.5
793,93,1,11/9/2024,52.5
794,165,3,3/5/2025,17
795,136,3,10/25/2024,138.5
796,201,2,11/17/2024,26
797,9,1,6/15/2025,39
798,125,2,11/21/2024,89
799,78,2,4/25/2025,21.5
800,24,2,10/13/2024,65.5
801,72,2,3/24/2025,103.5
802,186,1,4/8/2025,116.5
803,184,3,12/26/2024,54
804,250,1,1/1/2025,25.5
805,20,3,1/15/2025,102.5
806,198,2,10/18/2024,39
807,116,1,11/13/2024,79.5
808,202,2,5/12/2025,41
809,148,1,5/4/2025,88
810,236,3,4/2/2025,13
811,105,1,6/18/2025,64.5
812,88,2,6/15/2025,26
813,90,1,4/29/2025,36.5
814,191,1,12/27/2024,21.5
815,66,2,5/20/2025,18
816,19,3,4/5/2025,76.5
817,13,2,1/14/2025,15
818,84,2,1/15/2025,71
819,114,2,11/24/2024,144.5
820,60,2,12/3/2024,105.5
821,51,2,11/24/2024,114
822,54,1,10/24/2024,80
823,78,1,2/23/2025,56
824,174,3,5/27/2025,23
825,177,1,1/13/2025,43.5
826,93,2,3/18/2025,106.5
827,64,1,10/15/2024,105.5
828,6,3,1/5/2025,99.5
829,170,2,2/8/2025,121
830,10,2,12/4/2024,73.5
831,242,2,2/11/2025,83.5
832,227,3,10/14/2024,70
833,115,1,10/12/2024,40.5
834,38,3,2/27/2025,100
835,237,2,4/11/2025,28
836,218,2,1/9/2025,61.5
837,97,2,3/19/2025,13
838,190,1,5/29/2025,97.5
839,98,3,1/26/2025,74
840,111,2,3/5/2025,18
841,156,3,5/8/2025,83.5
842,66,2,1/11/2025,37
843,137,1,1/9/2025,57
844,114,3,3/14/2025,79
845,117,2,5/17/2025,67
846,49,2,1/16/2025,76.5
847,198,2,12/31/2024,73
848,64,2,6/16/2025,95
849,170,2,3/5/2025,58
850,94,2,6/5/2025,44.5
851,84,1,6/23/2025,46
852,56,2,12/6/2024,115
853,125,3,5/20/2025,71
854,173,3,2/10/2025,41
855,110,3,12/21/2024,73.5
856,158,3,11/20/2024,31
857,223,2,4/22/2025,58
858,113,1,2/11/2025,14
859,151,3,6/11/2025,83
860,106,1,2/24/2025,55
861,233,3,3/15/2025,12
862,24,1,10/20/2024,98.5
863,201,2,5/17/2025,40
864,57,1,1/26/2025,69.5
865,36,3,3/18/2025,49.5
866,148,2,10/12/2024,42
867,91,3,10/15/2024,50
868,242,3,10/5/2024,35.5
869,51,3,3/26/2025,56
870,36,2,10/14/2024,14
871,7,3,6/12/2025,24
872,64,3,5/10/2025,60.5
873,182,3,10/22/2024,31.5
874,22,1,5/23/2025,32.5
875,94,3,2/1/2025,93.5
876,191,2,2/15/2025,24
877,93,3,10/9/2024,99
878,248,1,1/9/2025,18
879,70,1,10/30/2024,9
880,240,1,11/30/2024,115
881,107,3,5/3/2025,38
882,171,1,2/22/2025,26
883,241,2,3/5/2025,24.5
884,207,1,10/4/2024,13
885,151,2,1/7/2025,73.5
886,160,1,1/27/2025,124
887,172,3,4/22/2025,76
888,101,1,10/13/2024,14
889,193,1,4/12/2025,105.5
890,219,3,11/7/2024,66.5
891,246,2,5/14/2025,30
892,156,2,10/28/2024,50.5
893,78,2,5/2/2025,141
894,209,1,2/14/2025,14
895,59,3,5/9/2025,44.5
896,224,3,11/8/2024,39
897,180,1,12/13/2024,64
898,52,2,5/21/2025,27
899,24,3,1/21/2025,6.5
900,138,3,11/11/2024,98
901,157,2,1/18/2025,62
902,5,3,3/24/2025,14
903,100,3,3/8/2025,122
904,169,2,2/1/2025,38.5
905,244,2,4/21/2025,98.5
906,110,3,5/18/2025,85.5
907,160,3,12/16/2024,44
908,110,3,11/8/2024,72.5
909,152,3,4/4/2025,70
910,78,1,1/21/2025,77
911,177,3,6/24/2025,17
912,22,2,10/9/2024,136.5
913,250,1,10/10/2024,109
914,112,2,11/28/2024,63.5
915,47,3,2/7/2025,54.5
916,182,3,2/28/2025,8.5
917,243,3,2/15/2025,103.5
918,235,1,4/22/2025,78
919,211,3,1/31/2025,61
920,184,1,1/23/2025,91
921,169,3,5/22/2025,103
922,102,2,10/5/2024,99
923,248,3,10/6/2024,22
924,34,1,12/27/2024,53.5
925,116,3,5/20/2025,135.5
926,147,1,6/21/2025,71.5
927,200,1,4/27/2025,14
928,150,1,10/5/2024,124.5
929,25,2,10/6/2024,56
930,70,3,4/22/2025,50
931,160,2,5/28/2025,98.5
932,151,3,10/4/2024,79
933,208,1,5/27/2025,103
934,179,1,5/25/2025,92.5
935,127,3,4/7/2025,69
936,15,3,5/10/2025,53
937,10,2,5/29/2025,87.5
938,160,3,6/7/2025,75.5
939,112,2,1/8/2025,111.5
940,166,3,2/6/2025,23
941,187,3,5/17/2025,115.5
942,175,3,6/2/2025,31
943,162,1,11/1/2024,17
944,68,2,1/14/2025,92.5
945,23,1,5/6/2025,87.5
946,12,1,5/16/2025,9
947,125,2,4/30/2025,55
948,97,2,6/14/2025,36
949,194,3,12/28/2024,81.5
950,240,2,11/3/2024,82
951,241,2,5/20/2025,58
952,32,1,11/16/2024,19.5
953,121,3,1/21/2025,109
954,39,3,5/26/2025,78.5
955,65,3,4/16/2025,113
956,99,3,1/20/2025,54
957,17,2,3/6/2025,76.5
958,96,1,1/27/2025,38
959,167,2,11/3/2024,37
960,176,3,6/8/2025,85.5
961,137,3,4/17/2025,25.5
962,194,3,1/11/2025,66.5
963,171,3,3/12/2025,66
964,117,2,11/17/2024,110.5
965,146,3,10/31/2024,40
966,58,2,12/31/2024,105
967,134,2,6/11/2025,78
968,212,1,6/8/2025,90.5
969,128,3,11/27/2024,42.5
970,21,1,4/6/2025,34.5
971,16,2,2/6/2025,75
972,128,3,2/4/2025,81
973,248,1,12/25/2024,97
974,240,2,2/27/2025,60.5
975,146,1,11/19/2024,133
976,108,3,10/24/2024,66
977,104,3,4/1/2025,18
978,132,3,11/5/2024,94
979,175,3,11/23/2024,68.5
980,162,3,3/29/2025,90
981,42,2,4/17/2025,45
982,103,2,10/4/2024,19.5
983,178,2,1/4/2025,14
984,171,2,1/16/2025,92.5
985,220,3,6/12/2025,80
986,126,2,6/12/2025,74.5
987,174,3,1/14/2025,42
988,181,3,3/30/2025,93
989,64,2,10/19/2024,40
990,191,2,12/31/2024,34.5
991,108,1,1/24/2025,147.5
992,202,3,5/19/2025,53
993,83,1,12/7/2024,17
994,223,1,10/24/2024,17
995,236,2,12/15/2024,94.5
996,171,3,2/14/2025,113
997,236,1,4/16/2025,62
998,199,3,5/25/2025,79
999,162,1,4/19/2025,48
1000,73,2,4/24/2025,31
1001,241,2,2/21/2025,45
1002,213,2,1/20/2025,32.5
1003,10,1,4/29/2025,92
1004,231,1,11/14/2024,28
1005,45,3,4/24/2025,68
1006,14,3,2/5/2025,54.5
1007,113,3,2/14/2025,17
1008,238,3,11/18/2024,78
1009,152,3,4/13/2025,102
1010,116,1,12/24/2024,11.5
1011,141,3,4/13/2025,81
1012,191,2,3/9/2025,86
1013,100,3,10/31/2024,90
1014,231,3,10/14/2024,8.5
1015,214,2,1/10/2025,95.5
1016,199,2,10/18/2024,91.5
1017,131,3,12/4/2024,90.5
1018,131,2,4/29/2025,119.5
1019,22,3,2/25/2025,63
1020,105,3,11/30/2024,84.5
1021,177,2,2/2/2025,116.5
1022,175,2,2/3/2025,79
1023,9,2,10/12/2024,42
1024,26,3,12/5/2024,38.5
1025,18,2,1/28/2025,55.5
1026,47,2,12/12/2024,90.5
1027,123,3,5/22/2025,94.5
1028,20,3,1/24/2025,51
1029,175,2,10/24/2024,110.5
1030,151,2,2/10/2025,99
1031,54,3,4/12/2025,132.5
1032,72,2,10/7/2024,86.5
1033,114,3,10/12/2024,47
1034,91,3,1/13/2025,26
1035,6,3,4/22/2025,46.5
1036,141,2,10/30/2024,32
1037,113,1,10/20/2024,77
1038,124,3,1/10/2025,138
1039,91,3,3/17/2025,116
1040,15,1,4/3/2025,40.5
1041,236,2,3/6/2025,30
1042,69,2,10/3/2024,24
1043,159,2,10/12/2024,49.5
1044,196,2,1/15/2025,121.5
1045,112,2,5/21/2025,42
1046,116,2,4/2/2025,100
1047,192,3,5/8/2025,13
1048,210,1,5/26/2025,49.5
1049,29,2,1/5/2025,161
1050,202,1,12/30/2024,66
1051,44,1,6/11/2025,18.5
1052,45,3,3/8/2025,21
1053,99,1,11/24/2024,32
1054,178,3,11/15/2024,100.5
1055,167,3,6/6/2025,112.5
1056,138,3,12/17/2024,143
1057,249,1,4/13/2025,93.5
1058,17,2,3/2/2025,96
1059,16,1,4/16/2025,43
1060,163,1,12/24/2024,117
1061,110,3,4/20/2025,13.5
1062,119,3,1/2/2025,34.5
1063,111,2,11/6/2024,98.5
1064,124,3,1/5/2025,25.5
1065,242,1,4/2/2025,90.5
1066,59,2,6/7/2025,14
1067,50,1,12/31/2024,24
1068,33,1,2/21/2025,86
1069,10,1,11/26/2024,29
1070,133,1,4/29/2025,110.5
1071,234,3,3/7/2025,12
1072,110,3,5/2/2025,33.5
1073,248,3,11/20/2024,27
1074,170,3,3/14/2025,26
1075,174,3,1/20/2025,71.5
1076,66,3,5/20/2025,107.5
1077,149,1,5/11/2025,92.5
1078,54,3,11/13/2024,21
1079,134,1,2/24/2025,49
1080,167,2,11/17/2024,44.5
1081,125,2,2/3/2025,68
1082,122,1,3/18/2025,58
1083,163,2,6/22/2025,82.5
1084,228,3,12/27/2024,25.5
1085,115,3,1/20/2025,11.5
1086,129,1,11/3/2024,34.5
1087,149,3,2/25/2025,43
1088,98,1,5/14/2025,128
1089,214,1,6/2/2025,139
1090,192,2,3/18/2025,114.5
1091,82,3,12/20/2024,80.5
1092,187,2,3/27/2025,13
1093,166,1,6/20/2025,118
1094,131,3,3/15/2025,43
1095,163,3,11/9/2024,77.5
1096,197,2,11/6/2024,104
1097,243,1,6/11/2025,59.5
1098,244,3,3/20/2025,9
1099,166,2,6/13/2025,27
1100,233,2,11/22/2024,75
1101,102,2,1/8/2025,54
1102,41,2,1/16/2025,98
1103,121,1,12/24/2024,93.5
1104,92,2,5/2/2025,56
1105,235,2,12/16/2024,63.5
1106,186,3,3/22/2025,53.5
1107,193,3,6/1/2025,36
1108,176,1,11/12/2024,28
1109,222,1,10/28/2024,84.5
1110,161,1,12/18/2024,7
1111,100,3,11/16/2024,86
1112,142,1,3/11/2025,69
1113,15,3,12/15/2024,84
1114,185,3,4/13/2025,89
1115,99,3,4/30/2025,57
1116,44,1,4/16/2025,115.5
1117,74,2,10/10/2024,123.5
1118,115,1,3/15/2025,73
1119,100,1,3/8/2025,47
1120,7,1,12/10/2024,61
1121,175,3,12/7/2024,113
1122,236,3,3/8/2025,119.5
1123,89,2,12/20/2024,52
1124,105,1,11/13/2024,65
1125,60,2,4/21/2025,99.5
1126,115,1,1/29/2025,85.5
1127,230,1,10/22/2024,109.5
1128,87,3,10/9/2024,53.5
1129,58,2,6/14/2025,62.5
1130,188,1,1/29/2025,63
1131,154,3,1/7/2025,39.5
1132,75,2,3/14/2025,90
1133,166,1,11/23/2024,9
1134,218,1,10/27/2024,80.5
1135,190,2,3/24/2025,85
1136,126,3,1/6/2025,85
1137,175,2,12/14/2024,44
1138,245,1,5/31/2025,68
1139,132,3,6/7/2025,86.5
1140,16,3,4/25/2025,44
1141,109,1,11/4/2024,26.5
1142,105,2,12/13/2024,105
1143,242,2,12/7/2024,49.5
1144,184,2,6/27/2025,40
1145,136,2,5/11/2025,27.5
1146,72,3,3/16/2025,48.5
1147,60,2,5/11/2025,39
1148,98,1,10/30/2024,65.5
1149,215,1,2/16/2025,73.5
1150,86,1,6/12/2025,44
1151,235,2,10/27/2024,60.5
1152,77,3,4/26/2025,6.5
1153,141,1,5/12/2025,125.5
1154,40,3,10/29/2024,13
1155,167,3,6/18/2025,55
1156,65,2,2/21/2025,67.5
1157,190,2,4/12/2025,64.5
1158,130,3,12/3/2024,63
1159,138,2,6/19/2025,125.5
1160,57,3,2/25/2025,54
1161,8,1,2/1/2025,105.5
1162,47,3,1/7/2025,80
1163,15,1,4/22/2025,19.5
1164,67,1,12/22/2024,21
1165,196,1,6/27/2025,17
1166,28,2,12/10/2024,31.5
1167,33,1,11/21/2024,43.5
1168,32,2,2/7/2025,66.5
1169,30,3,10/13/2024,19
1170,171,3,10/29/2024,92
1171,125,1,10/22/2024,66
1172,177,3,10/16/2024,27
1173,180,3,12/16/2024,91.5
1174,16,3,6/25/2025,75.5
1175,81,1,11/28/2024,56
1176,238,2,2/11/2025,65.5
1177,126,3,4/28/2025,117.5
1178,213,2,2/9/2025,21
1179,18,3,10/31/2024,135.5
1180,181,2,12/12/2024,63.5
1181,60,1,1/11/2025,62
1182,9,2,2/24/2025,63.5
1183,44,1,10/14/2024,96.5
1184,2,1,3/18/2025,103.5
1185,163,1,1/28/2025,103
1186,95,1,2/23/2025,78
1187,230,1,2/1/2025,41.5
1188,101,3,2/7/2025,178.5
1189,1,1,12/3/2024,38
1190,238,3,11/29/2024,102
1191,238,1,6/23/2025,119.5
1192,151,2,3/14/2025,111.5
1193,240,1,11/30/2024,69
1194,110,3,12/20/2024,13.5
1195,159,2,2/20/2025,58
1196,8,2,11/19/2024,21
1197,94,1,1/24/2025,57
1198,168,1,1/23/2025,110
1199,172,3,12/26/2024,62.5
1200,162,2,10/31/2024,13.5
1201,144,3,3/24/2025,113
1202,145,2,11/29/2024,8.5
1203,78,2,11/14/2024,27
1204,207,2,2/10/2025,59.5
1205,220,1,1/20/2025,69.5
1206,157,2,12/29/2024,121
1207,5,2,10/29/2024,86.5
1208,201,2,6/26/2025,73.5
1209,154,2,6/6/2025,70
1210,93,3,3/4/2025,40.5
1211,54,3,1/20/2025,94
1212,34,1,12/11/2024,60
1213,234,3,11/23/2024,84.5
1214,203,2,12/30/2024,58
1215,115,3,3/29/2025,28
1216,138,2,12/2/2024,21
1217,169,3,1/26/2025,64.5
1218,237,3,12/24/2024,47.5
1219,240,1,10/18/2024,68
1220,73,1,3/21/2025,87.5
1221,70,2,3/15/2025,125
1222,83,1,5/23/2025,35
1223,215,1,12/16/2024,42
1224,154,2,6/18/2025,33
1225,33,2,11/30/2024,47
1226,235,1,2/27/2025,20.5
1227,100,1,6/22/2025,42
1228,110,1,4/15/2025,75
1229,171,2,10/27/2024,109
1230,78,1,5/30/2025,86.5
1231,193,3,10/13/2024,39
1232,166,2,4/19/2025,45
1233,19,2,5/22/2025,18
1234,242,1,6/19/2025,106.5
1235,60,1,6/20/2025,28
1236,134,3,4/6/2025,67
1237,77,1,12/14/2024,45
1238,155,2,6/12/2025,58
1239,244,1,1/24/2025,100.5
1240,172,2,2/11/2025,52
1241,38,1,3/8/2025,34.5
1242,236,2,4/12/2025,38.5
1243,229,1,1/14/2025,40.5
1244,203,2,2/8/2025,19.5
1245,217,2,3/26/2025,81.5
1246,240,3,2/4/2025,26
1247,105,1,6/11/2025,9
1248,189,3,6/5/2025,30
1249,215,2,6/4/2025,67
1250,154,3,1/23/2025,27
1251,51,1,6/7/2025,93.5
1252,29,3,3/29/2025,65
1253,12,2,12/27/2024,48
1254,159,1,12/2/2024,75.5
1255,71,3,12/14/2024,32.5
1256,162,2,2/15/2025,86
1257,192,3,4/28/2025,49.5
1258,223,1,12/23/2024,52
1259,229,1,11/12/2024,40.5
1260,24,1,10/29/2024,18
1261,160,1,10/19/2024,111.5
1262,33,3,3/30/2025,79
1263,137,3,12/1/2024,51
1264,235,2,2/2/2025,39
1265,48,1,10/18/2024,26
1266,219,1,6/21/2025,27
1267,223,3,12/11/2024,62
1268,103,3,2/11/2025,55.5
1269,170,2,11/9/2024,54
1270,45,2,1/19/2025,61.5
1271,111,2,5/31/2025,8.5
1272,28,2,1/19/2025,102
1273,183,3,1/21/2025,107
1274,165,2,11/13/2024,24
1275,53,3,6/23/2025,66
1276,141,2,10/9/2024,84
1277,152,3,11/18/2024,67.5
1278,162,3,11/12/2024,36
1279,116,1,12/16/2024,91
1280,195,3,3/10/2025,17
1281,179,1,10/12/2024,73
1282,87,1,1/22/2025,82.5
1283,180,2,1/18/2025,56.5
1284,245,2,12/2/2024,61
1285,126,2,5/9/2025,33.5
1286,50,1,3/21/2025,113.5
1287,60,1,5/14/2025,45
1288,2,1,4/12/2025,30.5
1289,104,1,1/6/2025,70
1290,118,1,12/11/2024,9
1291,214,1,6/6/2025,8.5
1292,195,1,12/20/2024,38.5
1293,41,3,2/19/2025,121.5
1294,208,2,11/10/2024,119
1295,19,2,1/24/2025,123
1296,91,1,1/18/2025,50
1297,31,1,12/25/2024,21.5
1298,108,1,5/22/2025,38
1299,13,1,5/7/2025,123.5
1300,219,3,2/2/2025,55
1301,162,2,3/12/2025,107.5
1302,175,3,5/12/2025,23.5
1303,59,3,5/24/2025,34.5
1304,77,1,5/26/2025,42
1305,170,1,10/19/2024,90
1306,168,3,12/18/2024,70
1307,73,2,3/17/2025,100.5
1308,83,1,3/17/2025,73.5
1309,211,1,2/23/2025,22
1310,143,3,1/26/2025,30
1311,228,3,2/17/2025,61.5
1312,250,1,4/7/2025,27
1313,174,3,5/16/2025,101
1314,35,3,3/23/2025,121.5
1315,140,1,1/2/2025,90.5
1316,212,2,3/26/2025,36
1317,179,3,5/3/2025,101.5
1318,142,1,3/5/2025,33
1319,226,2,10/31/2024,73.5
1320,126,3,4/14/2025,89
1321,195,2,5/16/2025,59
1322,132,3,5/22/2025,48
1323,131,2,1/22/2025,12
1324,117,3,1/2/2025,7
1325,182,2,11/2/2024,85.5
1326,85,1,11/28/2024,27
1327,15,1,11/17/2024,112.5
1328,94,3,3/7/2025,55.5
1329,144,1,10/4/2024,9
1330,192,3,4/6/2025,99
1331,197,2,6/4/2025,27.5
1332,105,1,3/18/2025,110
1333,205,1,2/15/2025,30
1334,45,3,4/19/2025,9
1335,60,2,5/2/2025,22
1336,99,3,3/23/2025,22
1337,132,2,12/22/2024,11.5
1338,155,1,12/8/2024,80.5
1339,117,3,5/4/2025,86.5
1340,73,2,2/7/2025,97.5
1341,92,2,1/13/2025,89.5
1342,173,2,3/28/2025,68
1343,249,3,3/23/2025,26.5
1344,74,3,11/9/2024,45
1345,57,3,6/9/2025,75
1346,41,3,11/29/2024,62
1347,68,2,12/28/2024,50
1348,24,2,3/12/2025,24.5
1349,207,3,11/19/2024,7
1350,222,3,3/31/2025,13.5
1351,202,1,6/8/2025,150.5
1352,227,1,12/1/2024,109.5
1353,226,2,3/26/2025,54
1354,151,2,12/25/2024,96
1355,238,2,12/6/2024,66.5
1356,208,2,4/2/2025,30.5
1357,10,2,5/25/2025,62.5
1358,178,1,12/9/2024,27
1359,208,1,10/28/2024,87
1360,96,3,6/6/2025,13.5
1361,84,3,10/27/2024,80
1362,128,3,4/16/2025,100.5
1363,232,2,6/27/2025,32
1364,19,1,3/22/2025,73
1365,120,2,12/9/2024,113.5
1366,122,3,1/4/2025,85
1367,180,2,12/24/2024,68.5
1368,208,2,11/30/2024,101.5
1369,44,3,1/10/2025,53.5
1370,210,1,11/6/2024,54
1371,93,3,5/27/2025,83
1372,32,2,12/7/2024,107.5
1373,57,1,6/17/2025,107
1374,173,2,10/26/2024,85
1375,132,2,11/12/2024,75.5
1376,154,2,11/3/2024,94.5
1377,196,1,5/28/2025,85.5
1378,34,1,3/20/2025,8.5
1379,201,3,11/21/2024,89
1380,110,3,12/5/2024,103
1381,35,3,12/29/2024,57.5
1382,148,2,10/26/2024,80
1383,29,2,3/13/2025,66.5
1384,97,3,4/15/2025,144
1385,115,3,3/25/2025,31.5
1386,149,1,11/9/2024,164
1387,38,2,2/26/2025,91
1388,72,1,6/2/2025,35.5
1389,111,3,1/11/2025,30
1390,147,1,3/17/2025,18
1391,213,1,11/4/2024,108
1392,174,1,5/29/2025,9
1393,120,3,6/4/2025,90
1394,220,2,1/29/2025,98
1395,136,1,10/8/2024,56
1396,69,1,1/9/2025,89
1397,108,1,3/18/2025,108
1398,160,1,6/21/2025,61
1399,136,3,10/9/2024,82.5
1400,92,1,5/19/2025,71.5
1401,158,1,4/11/2025,105.5
1402,248,2,2/11/2025,76
1403,81,3,3/27/2025,54.5
1404,192,3,3/30/2025,99
1405,212,1,12/19/2024,27
1406,78,1,2/28/2025,107.5
1407,88,3,10/19/2024,82.5
1408,128,3,4/22/2025,96.5
1409,210,3,3/15/2025,13.5
1410,111,3,4/11/2025,25.5
1411,3,2,4/25/2025,87
1412,167,3,2/24/2025,60.5
1413,161,3,5/20/2025,62
1414,112,1,5/30/2025,69.5
1415,178,2,11/26/2024,38
1416,187,2,4/16/2025,50.5
1417,92,2,5/22/2025,50
1418,97,3,11/4/2024,65.5
1419,198,2,3/12/2025,107
1420,122,3,5/16/2025,8.5
1421,109,1,3/3/2025,103.5
1422,233,3,3/1/2025,90.5
1423,130,2,12/21/2024,36
1424,79,1,11/4/2024,36.5
1425,139,2,4/6/2025,64
1426,164,3,2/17/2025,55
1427,192,3,11/16/2024,23
1428,158,1,11/8/2024,47.5
1429,60,3,6/10/2025,88.5
1430,124,3,5/19/2025,47.5
1431,228,3,4/9/2025,84.5
1432,36,1,10/30/2024,38.5
1433,166,3,11/30/2024,113.5
1434,96,2,11/13/2024,63
1435,210,1,5/2/2025,89.5
1436,40,2,4/15/2025,17
1437,109,1,2/10/2025,96
1438,195,1,2/24/2025,41
1439,42,1,3/8/2025,81
1440,65,1,11/1/2024,70.5
1441,191,3,1/6/2025,99.5
1442,153,3,11/14/2024,27
1443,235,1,4/14/2025,102
1444,18,3,10/19/2024,123
1445,117,1,4/22/2025,45
1446,90,2,2/11/2025,25.5
1447,194,3,11/26/2024,100
1448,208,2,3/16/2025,98
1449,126,2,3/29/2025,92.5
1450,163,3,12/9/2024,27.5
1451,52,2,6/24/2025,96.5
1452,98,1,4/13/2025,76.5
1453,45,3,10/19/2024,24
1454,56,1,4/29/2025,37.5
1455,119,1,1/10/2025,99
1456,227,2,10/30/2024,102.5
1457,12,2,3/30/2025,74
1458,231,1,11/21/2024,75
1459,158,3,10/27/2024,105.5
1460,143,3,1/28/2025,56.5
1461,189,3,11/16/2024,110.5
1462,54,3,5/2/2025,60
1463,123,3,3/13/2025,39
1464,210,2,1/1/2025,107
1465,187,2,6/4/2025,13.5
1466,164,2,5/4/2025,116
1467,61,2,5/14/2025,60.5
1468,129,2,1/16/2025,81
1469,67,1,2/26/2025,97
1470,104,2,12/27/2024,35
1471,191,1,11/16/2024,42.5
1472,166,2,4/13/2025,99.5
1473,118,1,11/17/2024,58
1474,34,1,4/8/2025,31
1475,141,3,6/16/2025,54
1476,197,1,1/2/2025,30
1477,20,3,3/20/2025,85.5
1478,52,3,12/4/2024,55.5
1479,215,2,2/25/2025,78
1480,242,2,5/6/2025,79.5
1481,50,2,5/17/2025,35
1482,58,3,4/18/2025,75
1483,25,3,1/27/2025,9
1484,208,3,1/1/2025,71
1485,97,2,3/20/2025,99.5
1486,214,1,5/31/2025,34
1487,214,1,11/14/2024,109
1488,231,1,4/14/2025,90
1489,200,1,4/17/2025,51
1490,213,3,3/13/2025,84
1491,235,3,10/26/2024,98.5
1492,235,3,6/12/2025,102
1493,11,2,4/9/2025,84
1494,74,2,1/2/2025,11.5
1495,107,1,10/24/2024,27
1496,72,1,2/24/2025,57.5
1497,238,2,4/22/2025,78.5
1498,187,3,12/7/2024,90.5
1499,118,2,4/26/2025,32.5
1500,231,1,10/20/2024,38.5
1501,133,2,11/8/2024,76
1502,72,1,2/20/2025,97
1503,1,2,4/8/2025,25.5
1504,66,1,4/26/2025,70.5
1505,218,3,3/22/2025,9
1506,84,3,6/14/2025,97.5
1507,119,2,10/25/2024,13
1508,14,2,12/9/2024,78.5
1509,146,3,12/15/2024,55.5
1510,152,1,10/23/2024,14
1511,210,1,11/12/2024,42.5
1512,170,3,2/11/2025,63
1513,32,1,10/20/2024,83
1514,99,3,10/27/2024,40
1515,126,1,4/8/2025,7
1516,121,3,6/29/2025,78
1517,105,3,1/27/2025,131
1518,85,1,12/5/2024,106
1519,73,3,2/4/2025,77.5
1520,180,1,2/24/2025,136.5
1521,140,1,6/8/2025,110
1522,109,3,3/8/2025,125
1523,80,1,4/16/2025,39.5
1524,100,2,3/26/2025,30
1525,44,3,5/28/2025,91.5
1526,204,3,12/6/2024,85
1527,6,1,5/11/2025,58
1528,158,2,4/7/2025,68
1529,158,3,11/24/2024,53
1530,109,1,11/24/2024,43.5
1531,116,3,11/16/2024,50.5
1532,33,2,11/16/2024,44
1533,147,1,1/15/2025,113.5
1534,245,1,5/1/2025,87.5
1535,59,3,5/1/2025,52
1536,244,1,12/27/2024,91
1537,146,3,6/24/2025,18.5
1538,71,1,3/9/2025,65
1539,74,1,1/14/2025,39.5
1540,212,2,11/18/2024,55.5
1541,47,2,12/31/2024,82.5
1542,228,3,11/26/2024,126.5
1543,11,1,11/15/2024,40.5
1544,15,3,4/5/2025,89
1545,83,3,1/1/2025,96.5
1546,243,2,12/16/2024,106.5
1547,16,3,1/1/2025,47.5
1548,150,2,3/26/2025,126.5
1549,135,2,12/8/2024,51
1550,14,3,5/23/2025,69
1551,104,2,6/13/2025,54.5
1552,137,3,4/19/2025,69
1553,37,2,1/5/2025,26
1554,166,1,6/23/2025,109
1555,75,2,4/30/2025,25.5
1556,244,2,1/15/2025,30.5
1557,203,3,4/26/2025,90.5
1558,183,2,12/13/2024,32
1559,11,2,6/1/2025,40
1560,87,2,6/15/2025,66.5
1561,168,3,10/8/2024,101
1562,223,1,5/25/2025,79.5
1563,229,1,11/11/2024,42.5
1564,73,1,1/13/2025,82
1565,16,2,3/9/2025,17
1566,92,3,1/21/2025,83
1567,178,3,12/14/2024,33.5
1568,148,3,11/25/2024,39
1569,38,2,2/3/2025,12
1570,212,2,11/2/2024,79.5
1571,47,1,3/22/2025,13.5
1572,78,2,6/8/2025,97.5
1573,1,2,3/22/2025,13
1574,128,1,6/16/2025,34.5
1575,71,3,1/13/2025,69.5
1576,102,1,3/25/2025,7
1577,184,1,11/2/2024,92.5
1578,87,2,12/4/2024,106.5
1579,176,1,3/6/2025,41
1580,118,3,12/29/2024,27
1581,118,2,4/13/2025,19.5
1582,40,2,6/4/2025,106
1583,228,3,3/2/2025,62
1584,44,1,1/14/2025,62.5
1585,12,2,10/5/2024,96.5
1586,85,3,3/10/2025,45.5
1587,168,1,3/20/2025,45
1588,132,2,2/16/2025,35.5
1589,190,2,12/16/2024,98
1590,82,2,2/14/2025,87
1591,84,2,11/2/2024,47
1592,36,2,11/18/2024,83.5
1593,186,2,11/9/2024,23
1594,60,3,6/21/2025,118
1595,137,3,11/6/2024,97
1596,249,2,2/28/2025,35
1597,82,3,2/28/2025,39
1598,173,1,12/5/2024,97
1599,74,3,1/1/2025,45
1600,84,2,1/31/2025,42
1601,3,2,10/14/2024,39
1602,217,3,6/5/2025,51
1603,182,1,1/17/2025,138.5
1604,168,2,1/5/2025,56
1605,77,2,2/25/2025,60.5
1606,74,1,5/30/2025,8.5
1607,191,3,4/16/2025,26.5
1608,41,3,4/18/2025,28
1609,163,2,4/13/2025,44
1610,10,1,2/13/2025,34
1611,86,1,5/9/2025,33.5
1612,110,3,5/12/2025,72
1613,140,2,1/28/2025,7
1614,22,3,10/16/2024,17
1615,228,3,1/9/2025,107
1616,2,3,5/28/2025,86
1617,26,3,4/16/2025,103.5
1618,196,2,4/4/2025,73.5
1619,13,3,11/27/2024,55.5
1620,172,1,11/4/2024,40
1621,239,2,5/2/2025,54
1622,95,1,5/24/2025,93
1623,202,2,6/24/2025,51.5
1624,84,3,10/9/2024,25.5
1625,163,1,3/17/2025,46.5
1626,19,3,5/8/2025,90.5
1627,105,3,10/6/2024,17
1628,147,3,2/2/2025,98.5
1629,127,1,5/4/2025,11.5
1630,157,2,6/6/2025,14
1631,102,3,11/14/2024,92
1632,90,3,3/14/2025,47.5
1633,89,3,6/26/2025,62
1634,64,1,12/9/2024,11.5
1635,132,3,2/12/2025,92.5
1636,238,1,4/5/2025,81
1637,158,2,1/10/2025,58.5
1638,100,1,10/10/2024,43
1639,144,2,2/10/2025,51.5
1640,157,3,6/14/2025,115
1641,237,3,12/7/2024,34
1642,124,1,5/3/2025,41
1643,17,1,10/20/2024,89.5
1644,206,1,12/6/2024,14
1645,5,1,3/18/2025,67.5
1646,92,3,6/7/2025,96
1647,44,2,11/5/2024,85.5
1648,161,1,1/10/2025,123.5
1649,175,1,6/22/2025,50.5
1650,118,3,3/2/2025,45
1651,171,2,4/11/2025,104.5
1652,226,1,6/11/2025,18.5
1653,57,2,12/20/2024,60.5
1654,94,3,11/2/2024,77.5
1655,143,1,5/6/2025,24
1656,3,2,6/15/2025,69
1657,210,2,12/13/2024,8.5
1658,6,1,10/21/2024,7
1659,91,1,2/6/2025,58
1660,6,3,12/15/2024,79.5
1661,12,3,6/12/2025,132
1662,239,1,10/28/2024,67.5
1663,234,3,5/1/2025,55.5
1664,33,2,10/29/2024,137
1665,58,2,1/19/2025,27
1666,212,3,12/20/2024,27.5
1667,23,1,5/18/2025,58.5
1668,224,3,10/8/2024,115.5
1669,70,3,10/24/2024,95.5
1670,213,3,10/12/2024,126
1671,159,1,12/9/2024,68.5
1672,176,1,4/10/2025,17
1673,57,1,5/22/2025,67
1674,93,2,1/14/2025,27
1675,162,3,12/23/2024,115.5
1676,103,1,1/2/2025,111.5
1677,116,2,1/14/2025,84
1678,119,2,3/14/2025,64.5
1679,149,3,4/9/2025,40.5
1680,244,1,3/7/2025,39
1681,100,3,10/29/2024,150
1682,173,2,4/12/2025,52
1683,235,2,1/18/2025,101
1684,111,1,12/28/2024,17
1685,104,2,11/18/2024,61
1686,83,2,5/4/2025,36
1687,35,2,11/20/2024,95
1688,20,3,12/18/2024,28
1689,145,2,11/9/2024,21
1690,25,1,3/28/2025,83.5
1691,8,3,10/4/2024,14
1692,88,3,1/7/2025,40.5
1693,54,3,1/7/2025,27
1694,231,2,12/29/2024,37.5
1695,145,1,4/17/2025,155
1696,249,2,4/14/2025,67
1697,71,3,1/2/2025,94.5
1698,82,2,10/6/2024,117.5
1699,7,3,10/21/2024,120
1700,84,3,6/5/2025,119
1701,221,2,12/15/2024,101
1702,51,1,5/10/2025,155
1703,232,3,4/24/2025,62.5
1704,164,3,2/9/2025,66
1705,139,1,11/20/2024,38.5
1706,235,3,3/13/2025,30
1707,114,3,4/28/2025,24.5
1708,49,1,1/19/2025,43
1709,238,1,5/26/2025,39
1710,158,1,6/29/2025,39
1711,219,2,5/11/2025,90.5
1712,55,1,3/1/2025,42.5
1713,5,1,3/4/2025,94.5
1714,223,2,1/13/2025,65.5
1715,241,3,6/6/2025,68.5
1716,161,1,10/7/2024,71
1717,204,3,3/23/2025,82.5
1718,130,2,4/27/2025,85
1719,123,1,2/28/2025,112.5
1720,178,2,12/14/2024,122
1721,226,3,10/25/2024,48
1722,17,1,2/10/2025,25
1723,204,2,2/18/2025,91
1724,21,2,10/22/2024,13
1725,191,1,6/1/2025,53
1726,186,1,1/24/2025,16
1727,147,1,5/31/2025,7
1728,153,3,6/3/2025,17
1729,6,2,4/14/2025,86
1730,206,2,3/12/2025,73
1731,177,1,12/22/2024,11.5
1732,247,2,10/23/2024,46.5
1733,118,3,5/17/2025,7
1734,183,3,12/6/2024,88.5
1735,38,3,4/7/2025,20
1736,168,1,1/2/2025,36
1737,56,2,10/9/2024,58.5
1738,140,1,10/11/2024,105
1739,206,3,11/20/2024,133.5
1740,170,3,5/1/2025,152
1741,224,1,10/21/2024,86.5
1742,236,1,10/22/2024,13.5
1743,107,2,11/13/2024,74.5
1744,51,2,11/1/2024,86
1745,38,1,10/27/2024,108.5
1746,96,2,11/21/2024,71.5
1747,11,1,6/26/2025,132
1748,137,3,2/10/2025,24
1749,219,1,12/27/2024,26.5
1750,123,2,10/25/2024,12
1751,217,3,10/27/2024,59
1752,206,2,3/3/2025,73.5
1753,103,2,12/24/2024,128
1754,91,2,2/20/2025,72
1755,126,1,1/21/2025,15
1756,101,1,1/18/2025,140
1757,228,3,2/7/2025,67.5
1758,70,1,2/25/2025,110
1759,192,1,3/7/2025,62
1760,85,2,1/31/2025,70
1761,183,2,6/11/2025,27
1762,117,2,11/6/2024,78.5
1763,147,3,5/13/2025,71
1764,142,2,2/27/2025,13
1765,3,1,12/1/2024,69.5
1766,3,2,4/27/2025,46.5
1767,240,1,3/26/2025,90.5
1768,104,1,10/28/2024,24.5
1769,28,3,11/24/2024,52.5
1770,177,1,10/18/2024,53
1771,217,3,2/4/2025,92
1772,180,2,12/17/2024,66
1773,46,1,6/28/2025,31
1774,160,1,2/23/2025,40.5
1775,3,2,3/3/2025,73
1776,101,1,11/24/2024,82
1777,102,1,11/27/2024,36.5
1778,70,3,2/20/2025,87
1779,26,2,3/21/2025,6.5
1780,191,2,1/10/2025,24
1781,226,2,3/3/2025,83
1782,31,1,5/19/2025,61.5
1783,105,3,2/18/2025,26
1784,143,1,5/15/2025,81.5
1785,197,2,2/1/2025,27
1786,49,3,12/31/2024,26
1787,37,2,10/20/2024,89.5
1788,45,2,5/23/2025,113.5
1789,36,3,2/18/2025,106.5
1790,64,2,11/8/2024,78.5
1791,224,3,12/22/2024,63
1792,30,3,6/6/2025,90.5
1793,217,2,2/7/2025,61
1794,210,3,4/12/2025,62.5
1795,217,3,4/20/2025,81.5
1796,126,2,1/26/2025,29.5
1797,133,2,1/29/2025,113.5
1798,33,3,1/26/2025,60
1799,120,1,1/6/2025,25.5
1800,172,1,12/24/2024,84
1801,115,1,3/1/2025,72.5
1802,75,3,1/15/2025,100.5
1803,150,3,12/29/2024,68.5
1804,103,3,12/14/2024,81.5
1805,51,2,1/10/2025,95.5
1806,79,1,10/19/2024,9
1807,103,2,4/21/2025,31
1808,87,1,10/13/2024,65
1809,109,3,6/23/2025,63.5
1810,156,2,6/28/2025,99.5
1811,163,1,5/16/2025,93
1812,197,2,10/17/2024,60
1813,154,3,3/16/2025,123.5
1814,187,3,5/21/2025,59
1815,121,2,6/15/2025,17
1816,8,1,3/16/2025,134
1817,20,2,1/27/2025,65
1818,43,2,5/12/2025,94.5
1819,10,1,11/7/2024,9
1820,64,2,5/4/2025,108
1821,205,1,11/28/2024,122
1822,63,3,12/11/2024,35
1823,158,1,12/19/2024,29.5
1824,60,1,6/23/2025,42
1825,104,3,4/11/2025,27
1826,60,3,3/30/2025,40.5
1827,1,2,1/3/2025,51
1828,173,3,5/1/2025,98
1829,174,2,1/25/2025,79
1830,181,2,10/30/2024,45
1831,112,2,4/21/2025,99
1832,113,2,12/12/2024,52.5
1833,193,2,2/21/2025,28
1834,44,2,2/28/2025,44.5
1835,126,3,12/21/2024,103
1836,69,2,10/12/2024,125
1837,29,2,11/6/2024,26.5
1838,94,2,10/13/2024,37
1839,116,1,10/10/2024,39
1840,167,1,4/12/2025,61
1841,208,2,4/18/2025,100
1842,242,1,4/11/2025,24
1843,177,3,2/8/2025,126.5
1844,228,3,3/21/2025,142.5
1845,9,3,5/22/2025,45
1846,44,1,5/17/2025,99
1847,116,1,1/24/2025,86.5
1848,93,3,11/12/2024,28
1849,2,1,1/31/2025,93
1850,222,3,3/25/2025,117.5
1851,90,1,6/16/2025,84
1852,137,1,6/19/2025,99
1853,50,2,2/3/2025,96.5
1854,105,2,10/20/2024,61
1855,58,2,4/13/2025,27
1856,113,3,4/1/2025,43.5
1857,18,2,1/29/2025,11.5
1858,157,2,6/9/2025,96
1859,21,2,1/4/2025,26.5
1860,74,3,1/14/2025,75
1861,202,1,2/10/2025,17
1862,25,3,6/10/2025,99
1863,98,3,3/11/2025,122.5
1864,188,3,5/31/2025,89.5
1865,243,2,3/16/2025,45.5
1866,210,3,10/31/2024,73.5
1867,110,3,10/8/2024,66
1868,141,1,10/9/2024,60.5
1869,91,1,4/19/2025,64
1870,28,3,5/6/2025,53
1871,112,2,1/14/2025,40.5
1872,201,1,3/8/2025,8.5
1873,153,3,12/25/2024,108
1874,203,1,3/9/2025,79.5
1875,32,1,4/15/2025,82.5
1876,216,3,10/14/2024,42
1877,9,1,3/11/2025,75
1878,250,3,11/11/2024,37
1879,167,1,4/5/2025,75
1880,59,2,10/11/2024,115.5
1881,21,3,6/4/2025,111.5
1882,36,1,1/15/2025,82.5
1883,242,1,10/19/2024,31
1884,39,1,2/14/2025,136
1885,64,3,5/16/2025,27
1886,66,3,1/3/2025,90.5
1887,140,2,4/8/2025,110
1888,232,2,2/15/2025,88
1889,28,2,3/30/2025,114.5
1890,44,3,4/25/2025,84
1891,28,3,10/17/2024,86
1892,232,2,11/8/2024,8.5
1893,19,3,4/15/2025,23.5
1894,165,2,5/7/2025,58.5
1895,226,2,2/1/2025,67
1896,201,3,1/29/2025,51.5
1897,152,1,11/10/2024,42
1898,114,1,3/2/2025,39
1899,216,2,3/19/2025,38
1900,105,3,6/26/2025,58
1901,168,1,12/30/2024,15
1902,232,3,12/20/2024,120
1903,19,3,6/1/2025,126
1904,68,3,12/29/2024,91.5
1905,243,2,5/19/2025,23.5
1906,216,1,4/17/2025,91
1907,82,2,12/13/2024,61
1908,237,3,5/1/2025,24
1909,36,1,2/8/2025,99.5
1910,12,1,10/30/2024,97
1911,70,2,4/8/2025,132
1912,68,3,4/26/2025,125
1913,139,1,3/20/2025,127
1914,167,3,2/8/2025,82.5
1915,89,3,3/3/2025,39.5
1916,167,1,6/14/2025,14
1917,107,2,2/1/2025,106.5
1918,165,2,5/7/2025,45
1919,134,2,10/8/2024,90
1920,188,2,3/23/2025,99
1921,119,1,2/10/2025,121
1922,165,1,5/18/2025,94.5
1923,205,1,2/1/2025,109
1924,90,1,11/12/2024,113.5
1925,100,2,6/27/2025,55
1926,245,2,10/18/2024,36
1927,128,3,1/31/2025,31.5
1928,121,2,11/22/2024,111.5
1929,224,2,2/17/2025,44
1930,151,1,10/20/2024,58
1931,223,3,4/21/2025,51
1932,224,2,3/2/2025,72
1933,233,1,11/11/2024,108.5
1934,238,2,3/15/2025,84.5
1935,17,1,12/11/2024,146.5
1936,12,1,3/18/2025,94.5
1937,126,2,1/11/2025,83.5
1938,67,3,5/14/2025,72
1939,126,2,11/3/2024,69.5
1940,96,3,11/5/2024,125.5
1941,43,1,11/18/2024,13.5
1942,37,1,3/24/2025,85
1943,5,1,3/28/2025,129
1944,105,3,12/11/2024,70
1945,94,1,5/23/2025,64
1946,180,3,5/19/2025,97
1947,16,3,6/2/2025,27
1948,150,2,2/18/2025,39
1949,137,2,10/8/2024,58
1950,220,2,11/18/2024,68
1951,8,3,10/22/2024,142.5
1952,88,3,1/19/2025,21
1953,210,2,1/27/2025,54.5
1954,65,2,2/21/2025,30
1955,120,2,1/28/2025,55.5
1956,96,2,2/23/2025,65.5
1957,132,1,11/3/2024,14
1958,138,1,1/4/2025,71
1959,129,2,1/28/2025,100.5
1960,138,1,5/17/2025,30
1961,164,1,12/8/2024,124
1962,47,3,5/5/2025,107.5
1963,168,1,5/12/2025,45
1964,75,1,5/24/2025,18
1965,197,2,4/15/2025,98.5
1966,243,1,5/13/2025,90.5
1967,105,3,11/18/2024,81
1968,19,3,11/2/2024,21.5
1969,92,3,3/1/2025,52.5
1970,64,1,10/30/2024,130
1971,89,1,6/6/2025,45
1972,78,2,11/10/2024,61.5
1973,144,2,11/9/2024,89
1974,202,3,4/20/2025,17
1975,79,2,12/12/2024,43.5
1976,32,1,11/5/2024,17
1977,220,2,10/14/2024,133
1978,8,2,11/15/2024,96.5
1979,90,3,4/3/2025,13
1980,224,2,6/16/2025,110
1981,75,2,10/16/2024,11.5
1982,86,3,3/24/2025,113.5
1983,237,3,12/4/2024,55
1984,158,1,12/4/2024,21
1985,156,1,1/10/2025,17
1986,112,3,3/7/2025,37.5
1987,7,1,4/12/2025,43.5
1988,167,3,1/25/2025,125.5
1989,215,1,12/26/2024,88.5
1990,49,1,5/27/2025,93.5
1991,202,1,5/4/2025,30
1992,34,1,10/25/2024,39
1993,32,1,4/4/2025,18
1994,120,2,11/13/2024,133.5
1995,8,3,10/6/2024,67.5
1996,99,1,10/17/2024,72
1997,53,1,12/2/2024,61
1998,105,3,2/17/2025,26
1999,188,2,2/2/2025,39
2000,119,2,12/29/2024,90
2001,110,1,3/29/2025,15
2002,238,3,11/3/2024,98
2003,240,2,5/5/2025,68
2004,230,2,6/4/2025,34.5
2005,72,3,10/6/2024,110.5
2006,13,1,3/13/2025,25.5
2007,78,1,5/14/2025,38.5
2008,24,3,5/30/2025,29
2009,178,2,3/27/2025,13
2010,36,1,10/22/2024,93.5
2011,130,2,1/22/2025,85
2012,173,3,10/8/2024,115.5
2013,213,3,6/8/2025,44.5
2014,222,2,6/17/2025,25.5
2015,192,1,4/29/2025,76
2016,178,2,11/10/2024,63
2017,159,1,12/9/2024,55.5
2018,41,2,10/26/2024,72
2019,22,1,4/1/2025,8.5
2020,65,2,3/16/2025,64.5
2021,177,1,11/13/2024,24
2022,50,1,11/30/2024,89.5
2023,203,2,1/5/2025,57.5
2024,50,1,12/3/2024,28
2025,187,1,4/22/2025,27
2026,27,1,4/16/2025,41
2027,35,1,1/29/2025,77
2028,100,2,4/22/2025,7
2029,130,2,12/26/2024,67
2030,97,2,10/24/2024,57.5
2031,6,1,10/30/2024,67
2032,32,2,2/16/2025,109
2033,172,3,11/28/2024,91.5
2034,177,3,1/20/2025,82
2035,175,3,5/16/2025,49
2036,9,2,12/30/2024,104
2037,115,1,11/29/2024,95
2038,172,1,5/16/2025,59.5
2039,129,1,10/20/2024,47.5
2040,200,2,4/25/2025,87.5
2041,3,2,5/16/2025,111
2042,194,1,1/5/2025,85.5
2043,203,3,10/22/2024,127
2044,70,1,11/27/2024,117.5
2045,219,1,12/10/2024,84
2046,235,2,1/9/2025,113.5
2047,182,3,10/21/2024,122
2048,133,3,11/3/2024,85.5
2049,62,2,1/19/2025,14
2050,35,1,11/29/2024,30.5
2051,96,1,10/20/2024,26
2052,172,1,1/2/2025,30
2053,11,2,4/6/2025,26
2054,118,1,5/22/2025,9
2055,116,1,6/4/2025,78.5
2056,18,1,6/17/2025,138.5
2057,63,2,2/8/2025,121.5
2058,109,2,10/6/2024,85.5
2059,116,2,12/23/2024,17
2060,235,3,5/26/2025,141
2061,200,1,11/22/2024,40
2062,232,1,5/28/2025,102
2063,15,1,5/21/2025,28
2064,237,1,2/9/2025,27.5
2065,178,3,3/19/2025,75
2066,4,1,11/2/2024,67
2067,83,3,5/28/2025,27
2068,146,3,6/15/2025,76.5
2069,52,1,1/29/2025,43
2070,154,2,1/23/2025,36.5
2071,22,3,2/6/2025,30
2072,193,2,3/16/2025,102
2073,14,3,6/12/2025,38.5
2074,239,3,5/5/2025,93
2075,218,2,11/29/2024,49
2076,54,1,1/17/2025,14
2077,223,3,11/3/2024,150
2078,82,1,11/5/2024,21.5
2079,246,1,12/5/2024,34.5
2080,2,3,1/25/2025,125.5
2081,229,3,10/24/2024,84.5
2082,127,2,4/5/2025,97
2083,29,2,12/29/2024,32
2084,161,2,4/28/2025,33.5
2085,182,2,10/21/2024,25.5
2086,168,2,10/19/2024,109.5
2087,11,2,5/8/2025,56.5
2088,246,3,2/11/2025,60
2089,211,2,1/20/2025,98.5
2090,114,2,3/24/2025,84.5
2091,170,3,12/30/2024,123.5
2092,138,3,6/25/2025,42.5
2093,250,2,12/25/2024,110.5
2094,84,1,3/21/2025,32.5
2095,82,3,4/17/2025,64.5
2096,174,3,4/14/2025,30
2097,17,2,6/14/2025,84
2098,74,3,1/27/2025,81
2099,154,2,11/13/2024,136
2100,154,3,11/12/2024,54
2101,189,3,1/3/2025,119.5
2102,84,1,2/18/2025,45
2103,61,2,4/3/2025,94
2104,176,2,5/2/2025,47
2105,60,3,4/1/2025,17
2106,238,2,12/15/2024,13
2107,107,1,5/24/2025,70.5
2108,208,2,11/10/2024,9
2109,13,3,11/22/2024,55.5
2110,2,1,1/7/2025,42
2111,137,1,5/15/2025,115.5
2112,204,2,5/10/2025,88
2113,101,1,10/6/2024,148
2114,214,1,5/16/2025,6.5
2115,119,1,1/3/2025,54
2116,181,3,3/10/2025,86.5
2117,44,1,5/11/2025,47.5
2118,238,2,10/4/2024,28
2119,52,3,6/28/2025,52.5
2120,109,1,10/19/2024,144.5
2121,243,3,1/16/2025,98
2122,54,2,11/10/2024,88
2123,219,3,1/18/2025,49.5
2124,61,2,12/25/2024,9
2125,53,3,5/14/2025,38.5
2126,110,1,1/2/2025,38
2127,104,2,3/27/2025,31
2128,74,2,4/2/2025,101.5
2129,56,2,6/25/2025,7
2130,65,3,3/13/2025,102
2131,26,1,3/15/2025,75.5
2132,165,1,11/25/2024,38
2133,146,1,4/19/2025,57
2134,60,1,5/19/2025,35
2135,1,3,2/21/2025,9
2136,103,2,5/8/2025,77
2137,118,2,4/30/2025,31.5
2138,91,1,2/12/2025,34.5
2139,227,2,11/1/2024,26.5
2140,222,3,5/12/2025,48
2141,211,3,5/15/2025,44.5
2142,203,2,12/4/2024,90
2143,111,3,2/9/2025,89.5
2144,221,3,6/16/2025,9
2145,101,3,11/26/2024,45
2146,148,3,1/12/2025,106
2147,74,2,5/19/2025,38
2148,238,2,2/21/2025,18
2149,165,1,1/29/2025,139
2150,199,3,6/26/2025,113.5
2151,244,1,10/12/2024,142.5
2152,57,1,10/13/2024,50.5
2153,91,1,12/8/2024,14
2154,114,1,5/5/2025,47.5
2155,39,2,4/18/2025,73
2156,108,2,6/21/2025,74
2157,238,3,2/20/2025,14
2158,93,1,1/9/2025,12
2159,225,2,5/9/2025,63
2160,37,2,4/2/2025,96.5
2161,97,3,12/15/2024,51.5
2162,125,3,1/23/2025,96
2163,170,2,5/11/2025,102.5
2164,177,1,4/18/2025,78
2165,114,1,10/7/2024,20.5
2166,64,3,10/10/2024,100.5
2167,120,1,11/8/2024,33
2168,166,1,10/29/2024,69
2169,121,1,4/20/2025,100
2170,36,1,3/6/2025,86
2171,94,3,12/20/2024,24
2172,173,1,3/9/2025,59
2173,189,3,2/6/2025,79
2174,105,3,11/23/2024,40.5
2175,245,3,5/20/2025,61.5
2176,225,1,12/15/2024,27
2177,112,3,10/16/2024,76
2178,19,2,2/13/2025,24
2179,30,1,3/20/2025,64.5
2180,164,2,3/29/2025,9
2181,14,2,3/2/2025,108.5
2182,173,3,4/2/2025,114
2183,172,3,12/6/2024,20.5
2184,215,1,10/19/2024,50
2185,92,2,4/15/2025,18
2186,240,3,2/28/2025,74
2187,139,1,6/14/2025,115
2188,65,1,11/6/2024,66
2189,182,3,4/12/2025,30
2190,79,3,6/21/2025,19.5
2191,63,1,4/20/2025,92
2192,75,1,2/20/2025,14
2193,21,1,6/19/2025,55
2194,246,3,2/20/2025,7
2195,213,3,3/11/2025,74.5
2196,26,1,12/15/2024,121
2197,139,2,4/10/2025,12
2198,27,3,1/2/2025,45.5
2199,111,3,1/12/2025,13
2200,31,3,5/1/2025,37.5
2201,64,3,5/2/2025,44
2202,135,3,12/4/2024,55
2203,225,3,11/20/2024,27
2204,127,2,1/21/2025,61.5
2205,243,3,6/14/2025,14
2206,85,2,4/8/2025,13
2207,100,2,12/24/2024,34.5
2208,70,2,2/24/2025,9
2209,210,2,11/6/2024,112.5
2210,113,2,11/4/2024,40.5
2211,135,2,10/14/2024,30
2212,186,1,4/30/2025,69
2213,114,2,1/22/2025,25.5
2214,123,2,11/20/2024,26
2215,113,2,11/11/2024,60
2216,223,1,4/4/2025,48.5
2217,167,1,10/12/2024,102.5
2218,23,1,12/14/2024,32
2219,22,2,2/11/2025,68
2220,250,1,4/18/2025,84.5
2221,248,3,2/4/2025,21.5
2222,136,3,5/20/2025,15.5
2223,103,3,12/11/2024,69.5
2224,221,1,10/21/2024,27
2225,169,3,11/22/2024,91.5
2226,20,1,2/4/2025,57
2227,187,1,1/28/2025,69
2228,69,2,6/22/2025,28
2229,39,1,1/23/2025,15
2230,53,2,3/18/2025,24
2231,169,2,11/1/2024,14
2232,121,1,10/27/2024,49.5
2233,106,3,12/3/2024,82.5
2234,8,3,3/11/2025,122.5
2235,9,2,11/6/2024,43
2236,176,1,5/4/2025,29.5
2237,98,1,3/13/2025,83
2238,216,3,1/8/2025,44.5
2239,73,3,3/12/2025,96.5
2240,58,1,12/31/2024,72.5
2241,88,2,1/17/2025,63.5
2242,102,2,2/11/2025,26
2243,118,2,6/14/2025,40
2244,152,1,12/8/2024,115.5
2245,124,3,6/9/2025,63
2246,56,2,2/20/2025,135
2247,32,1,2/26/2025,75
2248,139,1,6/10/2025,15
2249,198,1,4/21/2025,77.5
2250,49,3,6/25/2025,14
2251,58,3,3/20/2025,105
2252,91,2,6/13/2025,36
2253,204,1,11/13/2024,121.5
2254,224,2,4/2/2025,62
2255,237,3,12/12/2024,25
2256,220,2,3/3/2025,14
2257,188,2,3/15/2025,32.5
2258,188,3,10/29/2024,34.5
2259,137,3,2/18/2025,14
2260,27,2,3/19/2025,79
2261,162,2,4/9/2025,88.5
2262,114,1,10/27/2024,111
2263,89,3,1/19/2025,87.5
2264,163,2,2/24/2025,37.5
2265,149,2,3/12/2025,47
2266,194,3,11/14/2024,48
2267,111,3,12/26/2024,53.5
2268,250,3,3/9/2025,13.5
2269,152,1,5/27/2025,61.5
2270,20,1,1/6/2025,23
2271,87,3,4/11/2025,60
2272,15,2,11/7/2024,56.5
2273,84,2,2/2/2025,9
2274,102,3,12/4/2024,39.5
2275,214,3,2/9/2025,53.5
2276,123,2,4/23/2025,82
2277,167,2,6/12/2025,54.5
2278,189,2,3/25/2025,120
2279,140,2,3/22/2025,58
2280,161,3,11/26/2024,14
2281,227,1,4/24/2025,60
2282,22,2,1/20/2025,52
2283,97,2,5/10/2025,39
2284,65,3,1/6/2025,93
2285,210,1,12/22/2024,54.5
2286,221,1,11/19/2024,133
2287,219,2,1/7/2025,123.5
2288,98,1,1/24/2025,30
2289,89,3,3/26/2025,62.5
2290,199,3,11/8/2024,8.5
2291,26,1,12/21/2024,34.5
2292,40,3,6/12/2025,120.5
2293,208,1,12/5/2024,23
2294,23,1,11/14/2024,69
2295,89,2,1/16/2025,64
2296,224,1,3/14/2025,86
2297,106,2,11/4/2024,59.5
2298,90,3,6/2/2025,13
2299,244,3,12/18/2024,76.5
2300,13,1,5/19/2025,102.5
2301,140,2,5/11/2025,39
2302,46,2,5/4/2025,111.5
2303,59,3,3/3/2025,54
2304,13,3,4/2/2025,47.5
2305,167,3,5/31/2025,93.5
2306,208,1,10/25/2024,42
2307,162,3,1/17/2025,56
2308,119,1,3/19/2025,95
2309,247,3,11/7/2024,105.5
2310,220,3,1/10/2025,11.5
2311,11,1,3/2/2025,71
2312,249,1,3/31/2025,52
2313,58,1,11/29/2024,132
2314,51,3,4/17/2025,62.5
2315,44,3,4/10/2025,51
2316,115,1,5/3/2025,39
2317,134,1,11/6/2024,113.5
2318,93,3,10/14/2024,21
2319,19,3,3/4/2025,72
2320,188,3,4/9/2025,78.5
2321,29,2,1/16/2025,30
2322,71,2,3/26/2025,7
2323,112,1,5/2/2025,62.5
2324,223,1,5/14/2025,88
2325,229,2,3/18/2025,107
2326,129,1,12/8/2024,104
2327,143,2,1/27/2025,27
2328,16,2,4/3/2025,24
2329,69,3,11/3/2024,11.5
2330,111,3,10/26/2024,93.5
2331,113,2,5/31/2025,14
2332,162,3,12/10/2024,40.5
2333,26,1,1/7/2025,147.5
2334,199,1,1/13/2025,48
2335,14,3,12/30/2024,34.5
2336,23,3,12/4/2024,44
2337,133,2,6/14/2025,92.5
2338,66,2,2/26/2025,100
2339,230,3,11/4/2024,30
2340,86,3,1/26/2025,48
2341,56,1,6/26/2025,94
2342,213,2,10/7/2024,48
2343,93,1,2/20/2025,92.5
2344,209,3,6/17/2025,53.5
2345,165,3,6/20/2025,38
2346,78,3,5/21/2025,50.5
2347,24,2,1/19/2025,65
2348,9,2,4/24/2025,55.5
2349,9,1,6/9/2025,13
2350,114,2,10/25/2024,13
2351,69,1,1/8/2025,144
2352,51,2,12/13/2024,14
2353,233,2,12/16/2024,27
2354,250,3,11/12/2024,72
2355,173,3,12/23/2024,54
2356,87,3,4/18/2025,50
2357,156,2,5/3/2025,83.5
2358,73,3,10/30/2024,88
2359,43,1,5/9/2025,79
2360,116,1,6/5/2025,44.5
2361,124,1,1/6/2025,73
2362,104,2,6/26/2025,95.5
2363,49,2,5/26/2025,152.5
2364,159,2,5/5/2025,92.5
2365,189,1,3/15/2025,9
2366,58,1,6/25/2025,36
2367,247,2,10/10/2024,45.5
2368,198,3,6/16/2025,109
2369,97,3,6/15/2025,34.5
2370,186,2,5/9/2025,101
2371,215,2,12/19/2024,116
2372,35,3,11/24/2024,50.5
2373,102,3,3/1/2025,114.5
2374,173,1,10/13/2024,66.5
2375,230,1,5/1/2025,84.5
2376,142,1,3/31/2025,147.5
2377,178,2,5/2/2025,80.5
2378,18,3,1/16/2025,18
2379,109,3,1/5/2025,145
2380,48,1,3/7/2025,70
2381,58,2,3/10/2025,151
2382,247,1,2/6/2025,7
2383,133,2,6/9/2025,60
2384,21,2,3/3/2025,96.5
2385,207,1,4/30/2025,114
2386,70,3,4/3/2025,62
2387,75,1,4/9/2025,113
2388,157,3,1/1/2025,50
2389,48,2,12/20/2024,81
2390,79,2,5/1/2025,67.5
2391,61,3,10/16/2024,66
2392,231,1,2/4/2025,134.5
2393,236,2,5/30/2025,83
2394,209,2,11/13/2024,137
2395,32,2,1/23/2025,74.5
2396,231,3,2/26/2025,34
2397,132,1,3/28/2025,41
2398,62,3,10/16/2024,55.5
2399,57,3,11/15/2024,12
2400,161,2,1/8/2025,113.5
2401,98,2,12/31/2024,68
2402,102,2,2/6/2025,101
2403,95,2,2/13/2025,111
2404,3,3,5/13/2025,41.5
2405,80,1,10/16/2024,25.5
2406,16,1,4/14/2025,21
2407,157,1,10/8/2024,125.5
2408,234,3,4/2/2025,96
2409,17,2,11/16/2024,150.5
2410,84,2,12/28/2024,53.5
2411,218,3,3/5/2025,106
2412,168,2,1/16/2025,26
2413,242,3,6/10/2025,75.5
2414,154,3,6/15/2025,64
2415,177,1,12/7/2024,53
2416,140,3,2/11/2025,58.5
2417,235,1,4/2/2025,74
2418,113,1,1/24/2025,133
2419,214,1,11/4/2024,132.5
2420,91,3,2/22/2025,14
2421,179,3,4/24/2025,106.5
2422,196,3,1/23/2025,26
2423,136,3,12/12/2024,54
2424,215,1,6/23/2025,64.5
2425,130,3,6/25/2025,118.5
2426,66,2,1/26/2025,63
2427,157,3,11/23/2024,63
2428,154,1,1/5/2025,70.5
2429,220,3,3/18/2025,45
2430,67,3,11/23/2024,141
2431,3,3,5/29/2025,92.5
2432,53,2,10/5/2024,58.5
2433,210,2,6/8/2025,93
2434,123,1,10/24/2024,46.5
2435,101,1,11/9/2024,90
2436,129,2,10/3/2024,57
2437,86,1,10/25/2024,106.5
2438,205,1,3/13/2025,68.5
2439,189,2,3/21/2025,6.5
2440,107,1,4/30/2025,100.5
2441,10,2,4/13/2025,109.5
2442,109,2,5/19/2025,112
2443,88,3,3/31/2025,40.5
2444,47,3,12/14/2024,27
2445,30,2,3/13/2025,88.5
2446,40,3,12/23/2024,68.5
2447,131,2,6/13/2025,70
2448,5,3,1/14/2025,15
2449,244,3,10/16/2024,39
2450,8,1,5/12/2025,36
2451,3,1,5/15/2025,17
2452,158,2,4/8/2025,14
2453,201,3,2/3/2025,42
2454,188,1,3/20/2025,27
2455,120,1,12/30/2024,86
2456,43,3,12/9/2024,84
2457,142,2,2/27/2025,131
2458,24,3,12/25/2024,38.5
2459,97,3,4/26/2025,78.5
2460,10,2,3/29/2025,41
2461,57,3,4/22/2025,104.5
2462,78,3,5/27/2025,87.5
2463,131,1,6/20/2025,87
2464,218,2,3/12/2025,53.5
2465,138,2,1/1/2025,56.5
2466,239,1,6/29/2025,65
2467,23,3,5/26/2025,37.5
2468,13,1,1/15/2025,11.5
2469,69,1,4/30/2025,111.5
2470,17,2,4/7/2025,96.5
2471,121,2,12/16/2024,84.5
2472,157,2,11/2/2024,30
2473,148,1,4/4/2025,20
2474,6,2,4/16/2025,106
2475,2,2,1/8/2025,145.5
2476,74,3,2/5/2025,89.5
2477,221,2,11/5/2024,62
2478,204,3,6/22/2025,65.5
2479,221,2,5/8/2025,124.5
2480,10,1,6/20/2025,109.5
2481,154,3,1/9/2025,24
2482,102,1,3/31/2025,95.5
2483,138,3,3/16/2025,80
2484,173,3,3/17/2025,147
2485,118,3,2/1/2025,35
2486,69,3,10/14/2024,60.5
2487,231,1,10/27/2024,102
2488,6,2,10/25/2024,14
2489,40,3,6/19/2025,91.5
2490,20,2,2/27/2025,102.5
2491,227,1,2/8/2025,123
2492,184,1,12/31/2024,70
2493,59,2,4/2/2025,51
2494,121,3,3/28/2025,27
2495,97,2,3/26/2025,55
2496,20,2,10/7/2024,94.5
2497,45,3,10/13/2024,58
2498,235,2,6/7/2025,55.5
2499,12,3,12/4/2024,33
2500,9,1,12/16/2024,68
2501,91,3,5/12/2025,94
2502,149,1,1/28/2025,11.5
2503,204,2,11/26/2024,137.5
2504,160,3,1/10/2025,74.5
2505,51,1,11/14/2024,47
2506,239,1,5/6/2025,18.5
2507,202,3,11/2/2024,59
2508,192,3,1/10/2025,37
2509,202,3,10/3/2024,49
2510,158,3,4/19/2025,87.5
2511,81,3,2/23/2025,80
2512,74,2,6/13/2025,95.5
2513,142,2,6/7/2025,79.5
2514,53,2,11/30/2024,122
2515,134,2,5/10/2025,63
2516,230,2,1/20/2025,14
2517,4,3,11/9/2024,40
2518,150,3,10/16/2024,79
2519,120,2,12/28/2024,63
2520,99,2,6/7/2025,77.5
2521,126,1,11/3/2024,99
2522,81,2,11/25/2024,32.5
2523,44,3,3/15/2025,103
2524,72,2,3/17/2025,26.5
2525,17,2,6/27/2025,31
2526,172,2,5/9/2025,77
2527,188,3,5/7/2025,98.5
2528,107,1,12/24/2024,28.5
2529,200,1,2/27/2025,132.5
2530,38,1,4/4/2025,93.5
2531,64,1,12/5/2024,69
2532,79,3,6/18/2025,101
2533,3,3,12/28/2024,24
2534,76,1,1/2/2025,82.5
2535,145,3,1/28/2025,99.5
2536,9,1,4/17/2025,25
2537,52,2,2/23/2025,49.5
2538,32,2,10/30/2024,33.5
2539,79,2,3/22/2025,88.5
2540,103,2,6/7/2025,36
2541,100,2,1/2/2025,134.5
2542,88,2,3/23/2025,123.5
2543,156,1,2/11/2025,96.5
2544,209,3,6/20/2025,56
2545,198,3,1/18/2025,71.5
2546,104,2,5/7/2025,27
2547,211,3,11/8/2024,151
2548,49,2,1/19/2025,64
2549,65,1,3/29/2025,136
2550,105,3,2/11/2025,98.5
2551,197,3,2/24/2025,8.5
2552,139,3,12/9/2024,64
2553,143,3,12/2/2024,89
2554,156,2,6/3/2025,63
2555,166,1,3/29/2025,14
2556,43,1,10/28/2024,96.5
2557,37,1,4/7/2025,44
2558,71,1,11/7/2024,39.5
2559,180,3,2/15/2025,77.5
2560,80,2,5/16/2025,54
2561,25,2,11/12/2024,94.5
2562,231,3,1/8/2025,73
2563,226,3,11/28/2024,140.5
2564,175,3,3/15/2025,36
2565,201,1,11/3/2024,24
2566,205,2,4/18/2025,88
2567,205,1,11/10/2024,111
2568,165,1,2/27/2025,37
2569,96,1,11/29/2024,107
2570,26,1,10/21/2024,90.5
2571,161,1,11/10/2024,59
2572,47,2,5/21/2025,17
2573,245,1,11/8/2024,66.5
2574,209,1,4/24/2025,63
2575,186,2,6/9/2025,68.5
2576,187,2,2/12/2025,41
2577,133,3,11/18/2024,120.5
2578,30,2,1/2/2025,102.5
2579,48,1,11/5/2024,46
2580,27,2,12/20/2024,155.5
2581,72,1,5/29/2025,112
2582,99,1,4/15/2025,87
2583,145,1,5/15/2025,41
2584,206,1,3/12/2025,61.5
2585,123,3,3/27/2025,145
2586,240,3,1/24/2025,126
2587,141,2,5/22/2025,6.5
2588,155,1,12/16/2024,53.5
2589,84,3,2/3/2025,48
2590,154,2,2/15/2025,63.5
2591,135,1,1/25/2025,76.5
2592,202,3,6/3/2025,50.5
2593,53,1,5/19/2025,52.5
2594,156,1,3/16/2025,39
2595,110,1,2/11/2025,30
2596,40,1,1/26/2025,116
2597,10,3,5/17/2025,27
2598,187,3,5/9/2025,49
2599,193,2,5/25/2025,70
2600,87,2,5/11/2025,65.5
2601,139,1,3/2/2025,115
2602,191,3,12/15/2024,76
2603,1,3,12/22/2024,8.5
2604,44,3,4/24/2025,96.5
2605,240,2,4/3/2025,61
2606,73,3,12/22/2024,58
2607,166,2,6/25/2025,111.5
2608,90,1,3/1/2025,71.5
2609,114,1,10/23/2024,68
2610,227,3,6/15/2025,13
2611,139,2,2/14/2025,58.5
2612,248,3,1/27/2025,79
2613,58,2,11/19/2024,23
2614,103,2,12/28/2024,122.5
2615,211,1,5/2/2025,15
2616,108,1,4/15/2025,9
2617,225,2,12/18/2024,60.5
2618,136,1,5/22/2025,21.5
2619,232,3,12/6/2024,13
2620,33,2,2/20/2025,87
2621,130,3,2/8/2025,25.5
2622,169,2,12/10/2024,105.5
2623,33,1,6/14/2025,42
2624,69,1,12/3/2024,45.5
2625,153,3,10/27/2024,27.5
2626,196,1,3/28/2025,98.5
2627,149,3,12/10/2024,45
2628,79,3,3/31/2025,105
2629,186,3,3/23/2025,88.5
2630,141,2,6/11/2025,68
2631,172,3,2/23/2025,26
2632,70,3,3/19/2025,14
2633,249,1,2/5/2025,137
2634,154,1,3/11/2025,114
2635,82,2,12/28/2024,90.5
2636,201,2,12/19/2024,13.5
2637,232,1,10/14/2024,21
2638,49,2,5/5/2025,79.5
2639,130,2,3/19/2025,18
2640,18,3,12/5/2024,30
2641,94,1,1/1/2025,109
2642,247,3,4/20/2025,93.5
2643,21,3,2/19/2025,77
2644,67,2,11/16/2024,18
2645,124,1,12/28/2024,34.5
2646,215,3,1/11/2025,105
2647,52,1,4/30/2025,27
2648,48,2,4/23/2025,80.5
2649,40,1,10/22/2024,19.5
2650,133,1,11/28/2024,103
2651,245,1,5/4/2025,52.5
2652,201,3,12/18/2024,131.5
2653,141,2,10/26/2024,136.5
2654,232,2,10/23/2024,63
2655,201,3,4/24/2025,33.5
2656,2,2,6/9/2025,66
2657,134,3,2/21/2025,99.5
2658,38,2,6/23/2025,129.5
2659,131,2,2/26/2025,59
2660,136,1,5/14/2025,90
2661,95,2,4/21/2025,47
2662,174,2,4/23/2025,44.5
2663,135,3,11/6/2024,105
2664,23,1,2/13/2025,80.5
2665,72,2,5/21/2025,61.5
2666,20,1,1/2/2025,46
2667,73,1,4/27/2025,26.5
2668,165,1,4/1/2025,90
2669,107,2,3/8/2025,63
2670,11,2,10/22/2024,31
2671,102,2,6/22/2025,107
2672,248,1,11/15/2024,14
2673,206,1,11/8/2024,105
2674,53,2,3/7/2025,23
2675,164,1,4/30/2025,13.5
2676,239,3,12/28/2024,135.5
2677,188,3,11/29/2024,36.5
2678,29,3,11/21/2024,126
2679,209,1,10/14/2024,13
2680,26,1,12/10/2024,103
2681,81,3,2/7/2025,26
2682,202,1,5/7/2025,34
2683,209,1,3/29/2025,116.5
2684,181,3,10/28/2024,75.5
2685,90,2,2/14/2025,121
2686,119,2,6/19/2025,53
2687,93,3,4/13/2025,85.5
2688,80,2,5/29/2025,26
2689,24,1,11/4/2024,123
2690,140,2,11/22/2024,53
2691,180,2,3/14/2025,81.5
2692,148,3,5/2/2025,103
2693,190,3,12/10/2024,6.5
2694,2,2,2/15/2025,36.5
2695,239,1,10/20/2024,115.5
2696,117,1,10/31/2024,40.5
2697,34,3,12/21/2024,24
2698,249,3,10/10/2024,69
2699,108,3,6/16/2025,34.5
2700,89,1,5/2/2025,69
2701,150,3,1/23/2025,99
2702,179,1,10/17/2024,67.5
2703,194,3,11/17/2024,36
2704,135,2,4/26/2025,109
2705,54,2,3/27/2025,83
2706,38,2,4/15/2025,8.5
2707,224,3,12/23/2024,47
2708,246,2,12/21/2024,146.5
2709,216,3,10/13/2024,27
2710,92,1,12/20/2024,57
2711,55,3,2/15/2025,85.5
2712,142,2,1/27/2025,90
2713,224,3,5/21/2025,99
2714,182,2,12/27/2024,75.5
2715,48,1,5/6/2025,123.5
2716,95,2,5/13/2025,11.5
2717,187,1,3/19/2025,117.5
2718,61,3,12/10/2024,63
2719,226,2,5/16/2025,51.5
2720,55,3,5/23/2025,27
2721,50,2,3/3/2025,72.5
2722,13,3,10/14/2024,104.5
2723,110,3,11/23/2024,121.5
2724,231,1,6/20/2025,109
2725,205,3,6/8/2025,112
2726,102,3,5/11/2025,14
2727,6,3,4/6/2025,67
2728,93,3,5/25/2025,93
2729,245,2,12/26/2024,45
2730,230,1,1/3/2025,108.5
2731,10,2,10/21/2024,40.5
2732,130,3,10/18/2024,78.5
2733,45,3,5/7/2025,15
2734,241,3,10/11/2024,99.5
2735,173,1,4/8/2025,102
2736,35,1,11/8/2024,142
2737,209,1,10/30/2024,99
2738,223,3,11/19/2024,27
2739,224,1,12/13/2024,84
2740,170,2,12/7/2024,12
2741,150,2,11/18/2024,100
2742,14,1,10/8/2024,28
2743,120,2,3/13/2025,111.5
2744,86,1,4/24/2025,20.5
2745,44,3,3/12/2025,71
2746,128,3,4/18/2025,117
2747,239,1,11/23/2024,44.5
2748,63,1,3/28/2025,96.5
2749,58,2,1/8/2025,52.5
2750,25,3,6/28/2025,100
2751,18,3,2/9/2025,58
2752,172,2,2/2/2025,128.5
2753,157,1,3/12/2025,68.5
2754,19,1,10/12/2024,52.5
2755,238,3,10/4/2024,88.5
2756,181,2,11/3/2024,80.5
2757,250,3,11/14/2024,28
2758,85,3,3/16/2025,50
2759,235,2,3/23/2025,60.5
2760,54,2,4/24/2025,62.5
2761,237,1,2/24/2025,54
2762,171,3,1/14/2025,138.5
2763,44,3,12/12/2024,39
2764,90,3,5/23/2025,105
2765,38,1,12/29/2024,58
2766,232,1,6/29/2025,168
2767,39,2,6/19/2025,13
2768,154,2,5/12/2025,47.5
2769,237,1,2/12/2025,76
2770,82,2,10/13/2024,59
2771,55,3,12/25/2024,36.5
2772,41,1,11/14/2024,39
2773,239,3,4/25/2025,36.5
2774,116,1,2/22/2025,143.5
2775,2,2,10/11/2024,93
2776,66,2,6/2/2025,45
2777,6,3,3/30/2025,134.5
2778,57,3,12/19/2024,100.5
2779,196,1,12/13/2024,107
2780,77,3,5/6/2025,50
2781,157,1,1/10/2025,34.5
2782,94,3,11/26/2024,73.5
2783,39,2,12/30/2024,6.5
2784,210,2,6/4/2025,69
2785,19,3,2/22/2025,40.5
2786,86,1,4/25/2025,51
2787,235,3,2/14/2025,150.5
2788,22,2,4/27/2025,28
2789,10,2,5/19/2025,115.5
2790,244,1,6/21/2025,45
2791,31,1,12/4/2024,127
2792,34,1,10/13/2024,46.5
2793,146,1,11/20/2024,18
2794,180,1,1/21/2025,9
2795,9,3,1/17/2025,52
2796,227,3,6/1/2025,53
2797,52,2,11/2/2024,91
2798,131,3,5/14/2025,82
2799,186,2,6/28/2025,32.5
2800,127,1,4/12/2025,42
2801,84,2,12/29/2024,88
2802,63,3,5/23/2025,36.5
2803,189,3,12/15/2024,73.5
2804,204,2,3/15/2025,108.5
2805,8,3,12/22/2024,93.5
2806,99,1,2/25/2025,104.5
2807,32,3,10/11/2024,39
2808,2,1,4/28/2025,124
2809,96,3,1/21/2025,25.5
2810,193,2,2/9/2025,64
2811,194,3,3/23/2025,25.5
2812,74,2,2/20/2025,81
2813,239,3,10/5/2024,44
2814,66,2,3/7/2025,44.5
2815,199,3,2/28/2025,26
2816,177,3,2/19/2025,88.5
2817,46,3,1/15/2025,26
2818,177,2,11/15/2024,54
2819,196,2,12/14/2024,31
2820,246,3,2/10/2025,6.5
2821,24,2,1/13/2025,70.5
2822,67,1,6/14/2025,47.5
2823,13,2,3/20/2025,52.5
2824,124,3,5/27/2025,134.5
2825,234,1,5/8/2025,18
2826,129,2,2/11/2025,75.5
2827,178,2,2/6/2025,13
2828,18,1,1/28/2025,13
2829,162,1,12/9/2024,82.5
2830,34,2,3/13/2025,63.5
2831,194,2,2/16/2025,94.5
2832,76,1,2/10/2025,127.5
2833,126,1,3/8/2025,102
2834,116,2,12/3/2024,11.5
2835,36,1,12/27/2024,97.5
2836,226,2,11/15/2024,119.5
2837,13,3,3/28/2025,57
2838,159,1,3/16/2025,119
2839,63,1,3/16/2025,77.5
2840,2,3,1/30/2025,92
2841,210,2,4/23/2025,26
2842,25,1,11/21/2024,117
2843,223,3,1/16/2025,21
2844,235,3,12/25/2024,36
2845,62,1,4/24/2025,90
2846,101,2,11/5/2024,61.5
2847,6,2,11/3/2024,22.5
2848,174,1,12/25/2024,27
2849,141,1,4/11/2025,13.5
2850,85,2,12/1/2024,96.5
2851,152,1,11/23/2024,90
2852,131,3,10/11/2024,71
2853,108,2,10/14/2024,7
2854,51,1,1/2/2025,25
2855,220,3,1/28/2025,48.5
2856,199,2,12/14/2024,29
2857,244,3,2/21/2025,92.5
2858,78,2,2/15/2025,75.5
2859,213,2,1/25/2025,8.5
2860,32,2,3/10/2025,66
2861,120,3,12/30/2024,13
2862,100,2,4/25/2025,89
2863,230,3,4/13/2025,17
2864,146,2,6/2/2025,19.5
2865,229,1,11/2/2024,36.5
2866,111,2,12/12/2024,96.5
2867,97,3,1/28/2025,88
2868,185,2,10/11/2024,60
2869,218,3,11/9/2024,99.5
2870,22,3,2/17/2025,90.5
2871,80,1,6/15/2025,46.5
2872,246,2,11/21/2024,66.5
2873,140,1,5/29/2025,61
2874,149,1,2/23/2025,50
2875,29,1,6/18/2025,40.5
2876,229,2,3/7/2025,168
2877,135,2,6/1/2025,74
2878,7,1,3/14/2025,123.5
2879,204,1,6/18/2025,125
2880,127,3,5/13/2025,42
2881,231,1,2/1/2025,33.5
2882,63,1,6/27/2025,38.5
2883,237,1,2/5/2025,65
2884,171,3,4/6/2025,26
2885,136,3,12/29/2024,79.5
2886,200,2,10/23/2024,65
2887,144,2,3/20/2025,115.5
2888,12,2,2/28/2025,51.5
2889,56,1,10/8/2024,49.5
2890,199,2,3/31/2025,74
2891,228,3,3/11/2025,64
2892,245,3,1/6/2025,61.5
2893,228,2,12/14/2024,82.5
2894,52,1,10/22/2024,38.5
2895,119,1,12/3/2024,42.5
2896,40,2,3/22/2025,75.5
2897,88,3,12/6/2024,41
2898,103,1,12/28/2024,112.5
2899,239,3,5/9/2025,27
2900,114,2,1/27/2025,9
2901,86,3,11/2/2024,7
2902,59,2,2/8/2025,91.5
2903,142,3,3/28/2025,113.5
2904,3,1,1/7/2025,101
2905,177,1,11/13/2024,78.5
2906,17,1,2/9/2025,27
2907,100,3,4/16/2025,68
2908,117,1,12/4/2024,107.5
2909,137,3,6/13/2025,64
2910,232,1,6/25/2025,45.5
2911,230,2,3/23/2025,63
2912,79,2,3/12/2025,70.5
2913,50,2,1/6/2025,55
2914,104,2,10/30/2024,6.5
2915,158,2,3/21/2025,106.5
2916,37,2,11/29/2024,124
2917,191,2,12/6/2024,90
2918,202,3,11/17/2024,19.5
2919,47,3,10/19/2024,141
2920,33,1,5/20/2025,116.5
2921,142,2,4/19/2025,63
2922,223,2,1/6/2025,60.5
2923,170,2,2/15/2025,53.5
2924,55,1,11/15/2024,15
2925,245,3,5/15/2025,41
2926,171,3,12/28/2024,53.5
2927,8,1,4/12/2025,92.5
2928,125,1,5/1/2025,24
2929,163,3,12/17/2024,112
2930,108,1,1/11/2025,37
2931,215,2,5/17/2025,36
2932,240,3,4/5/2025,9
2933,129,2,12/20/2024,54
2934,98,1,6/10/2025,73
2935,148,2,2/25/2025,110
2936,92,3,11/2/2024,54.5
2937,137,2,11/24/2024,71
2938,43,2,10/30/2024,22
2939,11,2,1/21/2025,59.5
2940,190,3,10/11/2024,86
2941,96,1,3/23/2025,63.5
2942,71,3,1/24/2025,23
2943,86,2,3/17/2025,29
2944,170,3,3/13/2025,14
2945,113,3,1/1/2025,29.5
2946,30,1,2/25/2025,77.5
2947,121,1,1/10/2025,21
2948,74,2,12/2/2024,50
2949,211,3,4/17/2025,111.5
2950,66,1,12/16/2024,119
2951,112,1,1/2/2025,104.5
2952,204,3,12/31/2024,89
2953,138,1,12/18/2024,83
2954,70,3,2/15/2025,58.5
2955,213,1,4/13/2025,66.5
2956,147,1,6/26/2025,24
2957,198,2,4/26/2025,62
2958,116,3,5/13/2025,70
2959,172,1,4/13/2025,54.5
2960,232,3,6/19/2025,37.5
2961,242,2,1/18/2025,56.5
2962,113,3,11/27/2024,59
2963,92,1,4/7/2025,56.5
2964,150,2,11/12/2024,70.5
2965,208,1,10/31/2024,38
2966,70,2,5/19/2025,47
2967,172,3,12/10/2024,108.5
2968,195,3,3/16/2025,15
2969,145,3,11/17/2024,17
2970,21,3,2/16/2025,41
2971,250,2,10/12/2024,65.5
2972,42,3,3/5/2025,103.5
2973,213,3,10/10/2024,46.5
2974,147,2,12/15/2024,105
2975,242,3,3/7/2025,31
2976,207,3,10/28/2024,116
2977,78,1,10/15/2024,56
2978,24,1,4/16/2025,40
2979,148,1,3/31/2025,27
2980,158,1,5/13/2025,81
2981,221,1,1/9/2025,13
2982,27,1,12/6/2024,27
2983,60,1,5/1/2025,85
2984,62,1,5/23/2025,97.5
2985,126,2,5/11/2025,29.5
2986,1,3,3/5/2025,89
2987,72,2,5/29/2025,33.5
2988,126,3,11/16/2024,45.5
2989,218,2,11/19/2024,108
2990,201,1,2/7/2025,109.5
2991,59,2,4/26/2025,35.5
2992,9,3,3/17/2025,45.5
2993,63,2,3/22/2025,41
2994,183,3,5/26/2025,54.5
2995,75,2,5/27/2025,95
2996,107,1,4/17/2025,45
2997,173,3,2/24/2025,104.5
2998,193,1,2/13/2025,47
2999,50,1,10/21/2024,110.5
3000,115,1,10/3/2024,110
