id,created_at,deleted_at
1,5/31/2024,
2,9/22/2024,
3,1/1/2024,
4,6/2/2024,
5,8/25/2024,
6,7/7/2024,
7,11/15/2023,4/17/2025
8,3/9/2024,
9,12/24/2023,
10,11/27/2023,6/6/2025
11,8/21/2024,
12,1/25/2024,
13,6/14/2024,
14,6/11/2024,
15,9/19/2024,
16,9/12/2024,12/29/2024
17,3/14/2024,
18,3/19/2024,
19,12/10/2023,
20,8/21/2024,5/28/2025
21,12/19/2023,
22,12/2/2023,
23,8/24/2024,
24,3/2/2024,
25,6/3/2024,1/2/2025
26,3/15/2024,
27,12/11/2023,
28,11/29/2023,
29,4/16/2024,
30,3/6/2024,
31,7/28/2024,
32,9/8/2024,
33,4/27/2024,
34,2/15/2024,
35,8/16/2024,
36,7/24/2024,
37,9/5/2024,
38,11/8/2023,
39,9/17/2024,
40,4/24/2024,
41,5/16/2024,
42,6/1/2024,
43,3/23/2024,
44,10/5/2023,
45,10/22/2023,
46,1/2/2024,
47,11/28/2023,
48,7/26/2024,
49,12/19/2023,
50,6/7/2024,
51,9/22/2024,
52,3/10/2024,
53,9/30/2024,
54,3/12/2024,
55,8/24/2024,
56,5/2/2024,
57,11/10/2023,
58,2/11/2024,
59,5/10/2024,
60,12/25/2023,
61,7/19/2024,4/15/2025
62,8/18/2024,
63,12/9/2023,
64,12/14/2023,
65,8/24/2024,
66,10/13/2023,
67,12/6/2023,
68,4/20/2024,6/18/2025
69,8/9/2024,4/5/2025
70,8/22/2024,
71,11/11/2023,
72,6/13/2024,
73,8/7/2024,
74,5/10/2024,
75,10/2/2024,
76,6/4/2024,
77,2/11/2024,
78,9/9/2024,
79,1/11/2024,
80,10/18/2023,
81,10/24/2023,
82,7/20/2024,
83,6/21/2024,
84,7/4/2024,
85,9/1/2024,
86,4/24/2024,
87,4/9/2024,
88,11/4/2023,
89,10/9/2023,
90,4/12/2024,
91,9/10/2024,
92,2/19/2024,
93,3/20/2024,
94,6/13/2024,
95,3/19/2024,
96,7/31/2024,
97,2/12/2024,
98,1/12/2024,6/23/2025
99,3/18/2024,
100,6/13/2024,
101,12/3/2023,
102,7/19/2024,
103,1/10/2024,
104,4/12/2024,
105,9/27/2024,2/17/2025
106,10/31/2023,
107,10/31/2023,
108,3/12/2024,
109,9/27/2024,
110,10/23/2023,
111,11/19/2023,
112,6/11/2024,
113,8/7/2024,6/7/2025
114,12/19/2023,
115,2/2/2024,3/1/2025
116,4/25/2024,
117,4/30/2024,
118,4/17/2024,
119,9/21/2024,
120,11/23/2023,
121,12/20/2023,
122,8/4/2024,
123,4/29/2024,
124,9/10/2024,
125,3/3/2024,
126,9/7/2024,
127,10/16/2023,
128,12/22/2023,
129,5/17/2024,
130,7/22/2024,
131,2/23/2024,
132,5/9/2024,
133,7/7/2024,
134,2/26/2024,
135,11/5/2023,
136,5/7/2024,
137,1/21/2024,
138,11/14/2023,
139,4/9/2024,
140,3/1/2024,
141,1/26/2024,
142,2/18/2024,
143,12/8/2023,4/23/2025
144,3/24/2024,
145,3/16/2024,
146,2/4/2024,
147,1/22/2024,
148,10/14/2023,
149,5/3/2024,
150,11/16/2023,
151,7/24/2024,
152,9/12/2024,
153,12/28/2023,
154,12/5/2023,
155,2/5/2024,
156,5/31/2024,
157,6/24/2024,
158,9/16/2024,
159,10/7/2023,
160,1/20/2024,
161,1/2/2024,
162,8/9/2024,
163,8/29/2024,
164,2/1/2024,
165,4/30/2024,
166,3/25/2024,
167,2/4/2024,
168,3/6/2024,
169,9/9/2024,
170,2/12/2024,
171,4/9/2024,
172,4/5/2024,
173,2/19/2024,
174,3/17/2024,
175,7/17/2024,
176,12/24/2023,
177,12/27/2023,3/18/2024
178,6/15/2024,2/1/2025
179,1/19/2024,
180,8/20/2024,
181,7/27/2024,
182,11/21/2023,4/21/2024
183,5/28/2024,
184,2/7/2024,
185,11/18/2023,11/7/2024
186,12/13/2023,
187,11/12/2023,
188,9/6/2024,
189,9/28/2024,
190,6/12/2024,
191,7/24/2024,
192,7/20/2024,
193,1/23/2024,
194,1/29/2024,
195,6/3/2024,8/23/2024
196,3/23/2024,
197,7/12/2024,
198,7/19/2024,10/15/2024
199,12/26/2023,
200,2/7/2024,
201,7/14/2024,11/10/2024
202,4/9/2024,
203,9/13/2024,
204,5/14/2024,
205,1/9/2024,
206,10/28/2023,
207,6/15/2024,
208,7/5/2024,
209,4/18/2024,
210,5/22/2024,
211,7/7/2024,
212,7/10/2024,
213,12/26/2023,
214,2/14/2024,
215,2/12/2024,
216,6/27/2024,
217,1/30/2024,4/5/2025
218,7/24/2024,
219,5/2/2024,
220,2/11/2024,
221,6/16/2024,
222,1/12/2024,
223,2/20/2024,
224,3/12/2024,
225,5/22/2024,2/25/2025
226,6/30/2024,
227,8/11/2024,
228,12/3/2023,
229,8/4/2024,
230,4/2/2024,
231,7/31/2024,
232,1/28/2024,
233,1/31/2024,
234,3/30/2024,
235,10/21/2023,
236,6/29/2024,
237,11/25/2023,6/17/2025
238,6/25/2024,
239,10/10/2023,
240,6/2/2024,
241,10/30/2023,12/19/2024
242,11/2/2023,
243,12/16/2023,
244,8/25/2024,
245,11/14/2023,
246,6/22/2024,
247,9/4/2024,
248,4/24/2024,5/6/2025
249,2/19/2024,
250,11/8/2023,
